ptt,Date,species,kode,bathy,latitude,longitude,distance,cluster
141254,2015/10/31 00:00:00,P.glauca,2015/10/31 00:00:00,-1301.14715844357,39.95,-68.875,5325.00453369306,1
141256,2015/10/27 00:00:00,P.glauca,2015/10/27 00:00:00,-1421.83380526588,40.1891287560338,-67.6717247659331,10031.7026534488,2
141256,2015/10/28 00:00:00,P.glauca,2015/10/28 00:00:00,-3298.13989257812,39.7757911313316,-67.0810539010594,69809.0412301175,2
141256,2015/10/30 00:00:00,P.glauca,2015/10/30 00:00:00,-3597.31506347656,39.2983961647286,-67.5759668069335,106926.538748692,1
141256,2015/10/31 00:00:00,P.glauca,2015/10/31 00:00:00,-2943.84497070312,39.6607647352954,-67.8940669152383,63479.989740901,2
141257,2015/10/30 00:00:00,I.oxyrinchus,2015/10/30 00:00:00,-4526.54334852431,40.5256240961939,-63.532396276804,223053.536831356,1
141257,2015/10/31 00:00:00,I.oxyrinchus,2015/10/31 00:00:00,-4520.22330729167,40.4945356012948,-63.6951921653782,212512.644788401,1
141259,2015/10/27 00:00:00,P.glauca,2015/10/27 00:00:00,-3345.17993164062,41.5109735493364,-64.2741603332938,102612.521180481,2
141259,2015/10/28 00:00:00,P.glauca,2015/10/28 00:00:00,-3125.80993652344,41.7302751738219,-63.5930482680597,104081.560901264,2
141259,2015/10/30 00:00:00,P.glauca,2015/10/30 00:00:00,-4703.7099609375,40.8577461553528,-61.9015227702428,216120.508581554,1
141259,2015/10/31 00:00:00,P.glauca,2015/10/31 00:00:00,-4802.240234375,40.7264489320385,-61.0946610581316,242097.792086374,2
141254,2015/11/01 00:00:00,P.glauca,2015/11/01 00:00:00,-1675.22976079636,39.775,-68.95,23504.9587239138,1
141254,2015/11/02 00:00:00,P.glauca,2015/11/02 00:00:00,-2437.30114048549,39.625,-68.875,40837.5634669587,2
141254,2015/11/03 00:00:00,P.glauca,2015/11/03 00:00:00,-1969.76618892496,39.625,-69.325,29236.080060647,2
141254,2015/11/04 00:00:00,P.glauca,2015/11/04 00:00:00,-2091.96569982752,39.625,-69.4,28110.1255929055,2
141254,2015/11/05 00:00:00,P.glauca,2015/11/05 00:00:00,-2449.03796958923,39.425,-69.65,46589.652530479,1
141254,2015/11/06 00:00:00,P.glauca,2015/11/06 00:00:00,-2496.12692746249,39.4,-69.65,49350.1490023984,1
141254,2015/11/07 00:00:00,P.glauca,2015/11/07 00:00:00,-2529.5941526735,39.375,-69.625,52362.2525828795,2
141254,2015/11/08 00:00:00,P.glauca,2015/11/08 00:00:00,-2502.41184828017,39.375,-69.85,52148.4290118543,2
141254,2015/11/09 00:00:00,P.glauca,2015/11/09 00:00:00,-2592.6985849708,39.3,-69.875,60658.0026522849,2
141254,2015/11/11 00:00:00,P.glauca,2015/11/11 00:00:00,-3263.78648071289,38.625,-69.85,135262.655106664,2
141254,2015/11/12 00:00:00,P.glauca,2015/11/12 00:00:00,-3507.30048828125,38.375,-69.825,162945.85905911,2
141254,2015/11/14 00:00:00,P.glauca,2015/11/14 00:00:00,-3642.52727994052,38.35,-69.375,168149.70855415,2
141254,2015/11/15 00:00:00,P.glauca,2015/11/15 00:00:00,-4100.72888937114,37.925,-68.85,222351.435158974,2
141254,2015/11/19 00:00:00,P.glauca,2015/11/19 00:00:00,-4380.8665537208,39.125,-66.55,154250.640841537,2
141254,2015/11/20 00:00:00,P.glauca,2015/11/20 00:00:00,-4499.23835227273,39.1,-66.125,172867.704369459,2
141254,2015/11/21 00:00:00,P.glauca,2015/11/21 00:00:00,-4457.17108832465,39.125,-65.85,182441.592339531,2
141254,2015/11/24 00:00:00,P.glauca,2015/11/24 00:00:00,-3226.68873620412,40.375,-66.1,62086.685065699,2
141254,2015/11/25 00:00:00,P.glauca,2015/11/25 00:00:00,-3747.5550101144,40.625,-65.35,93999.4052325837,2
141254,2015/11/27 00:00:00,P.glauca,2015/11/27 00:00:00,-4289.54786125062,40.375,-64.925,138833.271193274,2
141254,2015/11/28 00:00:00,P.glauca,2015/11/28 00:00:00,-2834.32767536527,40.225,-66.5,50817.7003415422,2
141254,2015/11/29 00:00:00,P.glauca,2015/11/29 00:00:00,-4180.46660922973,40.125,-65.375,125300.749379224,2
141254,2015/11/30 00:00:00,P.glauca,2015/11/30 00:00:00,-3887.2196877504,40.175,-65.6,107856.360515193,2
141256,2015/11/03 00:00:00,P.glauca,2015/11/03 00:00:00,-1344.57225206163,40.1879778872781,-67.8767762443496,8171.35259972044,2
141256,2015/11/04 00:00:00,P.glauca,2015/11/04 00:00:00,-3163.47831217448,39.6951577765862,-67.4160211572221,68761.6883117403,2
141256,2015/11/05 00:00:00,P.glauca,2015/11/05 00:00:00,-3568.57006835938,39.2482593231516,-67.5473290459944,112843.804315679,2
141256,2015/11/06 00:00:00,P.glauca,2015/11/06 00:00:00,-3053.6298828125,39.3826158158349,-68.3491436076764,77338.7784291601,2
141256,2015/11/09 00:00:00,P.glauca,2015/11/09 00:00:00,-2681.28002929688,39.1328089643554,-69.9316199808856,79199.8618178014,2
141256,2015/11/10 00:00:00,P.glauca,2015/11/10 00:00:00,-2896.75,38.8394232186491,-70.3109126245476,112062.201853054,2
141256,2015/11/11 00:00:00,P.glauca,2015/11/11 00:00:00,-2852.61010742188,39.007842384413,-70.7420304703305,92258.6532006876,2
141256,2015/11/14 00:00:00,P.glauca,2015/11/14 00:00:00,-2973.580078125,38.797039918808,-70.6273095318589,115108.749629551,3
141256,2015/11/17 00:00:00,P.glauca,2015/11/17 00:00:00,-3889.29992675781,37.9434564460275,-69.9887213381745,211209.054960185,2
141256,2015/11/18 00:00:00,P.glauca,2015/11/18 00:00:00,-4062.08508300781,37.821812773585,-69.3372247775739,226589.146798319,2
141256,2015/11/21 00:00:00,P.glauca,2015/11/21 00:00:00,-4473.5849609375,38.7493893353517,-66.9013978437342,181468.063385836,2
141256,2015/11/23 00:00:00,P.glauca,2015/11/23 00:00:00,-4604.59008789062,38.622905948552,-66.1791753915596,218361.34622335,4
141256,2015/11/25 00:00:00,P.glauca,2015/11/25 00:00:00,-5059.2900390625,37.5012397968309,-63.0203751581026,476197.513464067,4
141256,2015/11/28 00:00:00,P.glauca,2015/11/28 00:00:00,-5108.01257324219,35.0609042582074,-63.2867247312148,686965.901759649,5
141257,2015/11/04 00:00:00,I.oxyrinchus,2015/11/04 00:00:00,-4318.91837565104,40.7559864540997,-63.7922710107815,191579.678233918,1
141257,2015/11/06 00:00:00,I.oxyrinchus,2015/11/06 00:00:00,-4397.81506347656,40.6448183376374,-63.663171551804,207118.221929477,1
141257,2015/11/08 00:00:00,I.oxyrinchus,2015/11/08 00:00:00,-4432.85668945312,40.6176656442897,-63.6525572464873,209283.390265055,1
141257,2015/11/09 00:00:00,I.oxyrinchus,2015/11/09 00:00:00,-4467.78002929688,40.6117276367783,-63.6694007705693,208321.065372395,1
141257,2015/11/10 00:00:00,I.oxyrinchus,2015/11/10 00:00:00,-4736.03002929688,40.1507894919889,-63.6102098123684,238758.683270202,1
141257,2015/11/11 00:00:00,I.oxyrinchus,2015/11/11 00:00:00,-4726.22439236111,40.2458087812109,-63.9513108941362,208991.072369323,2
141257,2015/11/12 00:00:00,I.oxyrinchus,2015/11/12 00:00:00,-4588.89990234375,40.4080720813124,-63.9439563668086,199252.061775042,1
141257,2015/11/13 00:00:00,I.oxyrinchus,2015/11/13 00:00:00,-4789.34747314453,40.0114412586395,-63.9192320740254,227495.70562139,1
141257,2015/11/14 00:00:00,I.oxyrinchus,2015/11/14 00:00:00,-4882.85009765625,39.6589377765773,-64.1149084446895,241542.818287698,1
141257,2015/11/15 00:00:00,I.oxyrinchus,2015/11/15 00:00:00,-4795.05933159722,39.9530308173198,-64.0925596901292,221149.917955476,1
141257,2015/11/17 00:00:00,I.oxyrinchus,2015/11/17 00:00:00,-4826.74255371094,39.785136619375,-64.3112699580148,219660.544505837,1
141257,2015/11/19 00:00:00,I.oxyrinchus,2015/11/19 00:00:00,-4375.044921875,40.14613710682,-65.1285467370909,139905.479953475,2
141257,2015/11/20 00:00:00,I.oxyrinchus,2015/11/20 00:00:00,-4433.02258300781,40.4124385895862,-64.744837887283,145823.29371065,1
141257,2015/11/21 00:00:00,I.oxyrinchus,2015/11/21 00:00:00,-4564,40.2778747052324,-64.6795256502193,160541.19770753,1
141257,2015/11/22 00:00:00,I.oxyrinchus,2015/11/22 00:00:00,-4525.2998046875,39.9129717956407,-65.1409551004706,156025.875850061,1
141257,2015/11/25 00:00:00,I.oxyrinchus,2015/11/25 00:00:00,-4370.89245605469,40.3938405246515,-64.8489466350653,141359.669896556,1
141259,2015/11/02 00:00:00,P.glauca,2015/11/02 00:00:00,-4831.97021484375,41.2281061108253,-60.1830015120508,218181.582629308,2
141259,2015/11/03 00:00:00,P.glauca,2015/11/03 00:00:00,-4569.60009765625,42.0693931574132,-59.6484126520492,147689.789716491,2
141259,2015/11/04 00:00:00,P.glauca,2015/11/04 00:00:00,-4911.509765625,41.6484520800828,-58.5386134664882,224304.622463802,2
141259,2015/11/05 00:00:00,P.glauca,2015/11/05 00:00:00,-5086.509765625,40.765947929085,-57.6781559421885,339848.49605047,2
141259,2015/11/06 00:00:00,P.glauca,2015/11/06 00:00:00,-5172.97021484375,40.3743696182367,-57.3005124505566,392025.493231356,2
141259,2015/11/08 00:00:00,P.glauca,2015/11/08 00:00:00,-5096.64322916667,40.7585772640705,-55.2714714805699,395111.22467192,2
141259,2015/11/10 00:00:00,P.glauca,2015/11/10 00:00:00,-5236.87670898438,39.7512962239535,-53.6257531423588,403552.629684866,1
141259,2015/11/11 00:00:00,P.glauca,2015/11/11 00:00:00,-5318.21500651042,39.6200756994888,-52.405588015548,381411.147291233,2
141259,2015/11/13 00:00:00,P.glauca,2015/11/13 00:00:00,-5167.25,40.6598718457445,-51.7173749124773,253302.266990464,2
141259,2015/11/20 00:00:00,P.glauca,2015/11/20 00:00:00,-3855.90991210938,40.5833742611243,-50.7879684867763,241789.562069584,2
141259,2015/11/25 00:00:00,P.glauca,2015/11/25 00:00:00,-5077.81005859375,40.930507694905,-53.7093972074725,296028.59692087,2
141254,2015/12/02 00:00:00,P.glauca,2015/12/02 00:00:00,-3883.37892368862,40.425,-65.425,101065.943883159,1
141254,2015/12/03 00:00:00,P.glauca,2015/12/03 00:00:00,-4146.13036431207,40.3,-65.25,121284.585272036,2
141254,2015/12/04 00:00:00,P.glauca,2015/12/04 00:00:00,-4033.47131958008,39.775,-65.9,121710.181375332,2
141254,2015/12/05 00:00:00,P.glauca,2015/12/05 00:00:00,-4076.31704711914,39.45,-66.675,117016.537674033,1
141254,2015/12/06 00:00:00,P.glauca,2015/12/06 00:00:00,-4019.78223595252,39.075,-67.3,136787.727821322,1
141254,2015/12/07 00:00:00,P.glauca,2015/12/07 00:00:00,-4377.52616003788,38.375,-67.625,202239.155244789,2
141254,2015/12/08 00:00:00,P.glauca,2015/12/08 00:00:00,-4786.37613932292,37.625,-67.475,285722.93458323,2
141254,2015/12/09 00:00:00,P.glauca,2015/12/09 00:00:00,-4887.43917064824,37.65,-66.875,299044.317270669,2
141254,2015/12/11 00:00:00,P.glauca,2015/12/11 00:00:00,-4633.71721679687,38.625,-66.075,222125.837394403,2
141254,2015/12/12 00:00:00,P.glauca,2015/12/12 00:00:00,-4824.31521883878,38.85,-65.2,239982.252268711,2
141254,2015/12/13 00:00:00,P.glauca,2015/12/13 00:00:00,-4728.6156435366,38.625,-64.425,301302.368564415,2
141254,2015/12/14 00:00:00,P.glauca,2015/12/14 00:00:00,-4684.4425116645,38.4,-63.575,370087.45194955,2
141254,2015/12/15 00:00:00,P.glauca,2015/12/15 00:00:00,-4519.34742126465,38.425,-62.6,429699.335054199,2
141254,2015/12/16 00:00:00,P.glauca,2015/12/16 00:00:00,-5051.40105731671,38.9,-61.725,433954.778046826,2
141254,2015/12/17 00:00:00,P.glauca,2015/12/17 00:00:00,-4873.10831366645,39.35,-60.875,395462.351664349,2
141254,2015/12/18 00:00:00,P.glauca,2015/12/18 00:00:00,-5128.33249733665,39.325,-59.875,421267.197075549,2
141254,2015/12/23 00:00:00,P.glauca,2015/12/23 00:00:00,-5136.47509765625,40.325,-58.45,363794.930827134,2
141254,2015/12/27 00:00:00,P.glauca,2015/12/27 00:00:00,-4921.55209960937,41.65,-58.2,232507.861538466,2
141254,2015/12/28 00:00:00,P.glauca,2015/12/28 00:00:00,-5055.67733001709,41.175,-57.6,300319.185683789,2
141254,2015/12/29 00:00:00,P.glauca,2015/12/29 00:00:00,-5173.14665965545,40.35,-57.4,391430.639675203,2
141254,2015/12/31 00:00:00,P.glauca,2015/12/31 00:00:00,-5225.08826293945,39.6,-57.4,469758.144732014,2
141256,2015/12/03 00:00:00,P.glauca,2015/12/03 00:00:00,-4539.81005859375,32.7093433659734,-63.3458930365828,922446.397557919,5
141256,2015/12/04 00:00:00,P.glauca,2015/12/04 00:00:00,-4572.7998046875,32.2217852553521,-63.6835690992099,961533.847916666,4
141256,2015/12/05 00:00:00,P.glauca,2015/12/05 00:00:00,-4623.14013671875,31.5647889607047,-63.8595361980532,1025058.65599694,5
141256,2015/12/08 00:00:00,P.glauca,2015/12/08 00:00:00,-4975.8798828125,30.4220727519316,-63.5987420300479,1153401.9331191,5
141256,2015/12/09 00:00:00,P.glauca,2015/12/09 00:00:00,-4837.3701171875,30.1322310389813,-63.6497266424132,1182780.33817891,5
141256,2015/12/10 00:00:00,P.glauca,2015/12/10 00:00:00,-4995.98494466146,29.6329074845552,-63.9029854976054,1138533.32422522,5
141256,2015/12/12 00:00:00,P.glauca,2015/12/12 00:00:00,-5004.27978515625,28.8694438163507,-64.3363331087048,1044697.19709061,5
141256,2015/12/13 00:00:00,P.glauca,2015/12/13 00:00:00,-5102.43994140625,28.5619624191222,-64.5960295870275,1002276.79511133,5
141256,2015/12/15 00:00:00,P.glauca,2015/12/15 00:00:00,-5322.259765625,28.2030993650328,-65.1650179305297,938791.188658191,1
141256,2015/12/17 00:00:00,P.glauca,2015/12/17 00:00:00,-5039.5498046875,27.9197809481323,-65.3252399375034,903796.332450895,5
141256,2015/12/21 00:00:00,P.glauca,2015/12/21 00:00:00,-5501.6298828125,26.6554914168766,-65.5940267711678,772192.335631691,4
141256,2015/12/22 00:00:00,P.glauca,2015/12/22 00:00:00,-5100.16015625,26.290208421034,-65.9560034968649,718341.213074806,4
141256,2015/12/24 00:00:00,P.glauca,2015/12/24 00:00:00,-5583.7900390625,25.5079341944427,-66.7427549115297,602486.830432827,4
141256,2015/12/27 00:00:00,P.glauca,2015/12/27 00:00:00,-5462.39333767361,25.2081819283712,-67.9365075613516,513211.70917924,4
141256,2015/12/31 00:00:00,P.glauca,2015/12/31 00:00:00,-5206.7099609375,27.5828972154693,-68.0175670848055,729865.79969855,4
141257,2015/12/04 00:00:00,I.oxyrinchus,2015/12/04 00:00:00,-4371.57883029514,39.8883336981006,-65.3613567385853,144724.825882114,1
141257,2015/12/08 00:00:00,I.oxyrinchus,2015/12/08 00:00:00,-5036.07996961806,38.2036996147664,-63.6342617146552,382071.68197527,5
141257,2015/12/09 00:00:00,I.oxyrinchus,2015/12/09 00:00:00,-5004.52802734375,38.046759480796,-62.8891311652128,440573.448879694,5
141257,2015/12/12 00:00:00,I.oxyrinchus,2015/12/12 00:00:00,-4901.05696278234,37.555332455663,-61.6554694078936,555980.371481036,5
141257,2015/12/13 00:00:00,I.oxyrinchus,2015/12/13 00:00:00,-5046.4081995347,37.259257840133,-61.2191889482068,606627.959186711,5
141257,2015/12/14 00:00:00,I.oxyrinchus,2015/12/14 00:00:00,-5066.54728660899,36.9556912713628,-60.7963436058876,657085.019124648,5
141257,2015/12/15 00:00:00,I.oxyrinchus,2015/12/15 00:00:00,-4888.98698849953,36.6780981437377,-60.4133491347783,694464.854249712,5
141257,2015/12/16 00:00:00,I.oxyrinchus,2015/12/16 00:00:00,-4891.8080506517,36.4550287280025,-60.109911493791,723719.23667002,5
141257,2015/12/17 00:00:00,I.oxyrinchus,2015/12/17 00:00:00,-4888.44009779778,36.3154797386344,-59.9273053751809,742143.604124002,5
141257,2015/12/18 00:00:00,I.oxyrinchus,2015/12/18 00:00:00,-4890.84230511924,36.2884288407364,-59.9068054712032,745460.777435596,5
141257,2015/12/19 00:00:00,I.oxyrinchus,2015/12/19 00:00:00,-4890.45712725847,36.4024728985597,-60.089686474113,729790.028275489,5
141257,2015/12/20 00:00:00,I.oxyrinchus,2015/12/20 00:00:00,-4892.4594155336,36.6853596748493,-60.5172230761655,691942.96565416,5
141257,2015/12/21 00:00:00,I.oxyrinchus,2015/12/21 00:00:00,-4868.00077449914,37.163406661748,-61.230689969616,613236.509175015,5
141257,2015/12/22 00:00:00,I.oxyrinchus,2015/12/22 00:00:00,-4736.24211814187,37.8607980310207,-62.2713618467196,493312.043262865,5
141257,2015/12/24 00:00:00,I.oxyrinchus,2015/12/24 00:00:00,-4989.8701171875,39.1316591471151,-63.20858513943,339116.77266711,4
141257,2015/12/25 00:00:00,I.oxyrinchus,2015/12/25 00:00:00,-4934.82676866319,39.5618843348054,-63.7871187095408,270569.364837692,4
141257,2015/12/26 00:00:00,I.oxyrinchus,2015/12/26 00:00:00,-4740.0048828125,39.777376080176,-64.6707753410493,195988.772080697,4
141257,2015/12/28 00:00:00,I.oxyrinchus,2015/12/28 00:00:00,-3847.44865993924,39.7714183811349,-66.2213559112991,105805.486425927,5
141259,2015/12/04 00:00:00,P.glauca,2015/12/04 00:00:00,-3785.6298828125,40.3801213423821,-48.5660498374352,285952.523712512,2
141259,2015/12/05 00:00:00,P.glauca,2015/12/05 00:00:00,-4182.86010742188,40.1579717890711,-48.4005842151121,314018.293450337,2
141259,2015/12/06 00:00:00,P.glauca,2015/12/06 00:00:00,-5398.9599609375,39.6747525718468,-48.1105578555957,373024.159177071,2
141259,2015/12/08 00:00:00,P.glauca,2015/12/08 00:00:00,-5410.35986328125,38.9643343231338,-48.8110744572455,431683.872801603,2
141259,2015/12/10 00:00:00,P.glauca,2015/12/10 00:00:00,-5374.91015625,38.2612701110627,-47.984892755705,525089.084803498,2
141259,2015/12/11 00:00:00,P.glauca,2015/12/11 00:00:00,-5297.31982421875,37.7895678351663,-47.3765646130667,591394.586214619,2
141259,2015/12/13 00:00:00,P.glauca,2015/12/13 00:00:00,-5202.81005859375,36.7656982281309,-46.7194095574672,718124.834674794,4
141259,2015/12/14 00:00:00,P.glauca,2015/12/14 00:00:00,-5065.10986328125,36.14924312612,-46.7402926399588,781951.356983506,3
141259,2015/12/15 00:00:00,P.glauca,2015/12/15 00:00:00,-5146.97021484375,35.5333905350846,-46.9896069597348,840539.282759358,3
141259,2015/12/16 00:00:00,P.glauca,2015/12/16 00:00:00,-5024.84008789062,35.0184614414245,-47.3550716095933,887584.972422359,3
141259,2015/12/17 00:00:00,P.glauca,2015/12/17 00:00:00,-4755.25,34.4487717595412,-47.3638589828515,949095.434623042,4
141259,2015/12/19 00:00:00,P.glauca,2015/12/19 00:00:00,-4841.06005859375,33.2032820536812,-46.9489604702938,1092247.01211331,4
141259,2015/12/24 00:00:00,P.glauca,2015/12/24 00:00:00,-4088.9150390625,31.2263609036891,-46.3066045582475,1319371.69107425,4
141259,2015/12/26 00:00:00,P.glauca,2015/12/26 00:00:00,-4313.78002929688,30.2882429653917,-46.2538210431228,1422097.1698013,4
141254,2016/01/01 00:00:00,P.glauca,2016/01/01 00:00:00,-5232.94777560764,39.375,-57.875,480044.783528402,5
141254,2016/01/02 00:00:00,P.glauca,2016/01/02 00:00:00,-5226.33000202922,39.125,-58.125,498401.149834881,5
141254,2016/01/03 00:00:00,P.glauca,2016/01/03 00:00:00,-5236.73529052734,39,-57.875,518790.612193251,5
141254,2016/01/04 00:00:00,P.glauca,2016/01/04 00:00:00,-5224.80072354403,39.1,-58.125,501026.159984279,5
141254,2016/01/05 00:00:00,P.glauca,2016/01/05 00:00:00,-5187.18883338341,39.35,-58.55,463528.705199278,2
141254,2016/01/06 00:00:00,P.glauca,2016/01/06 00:00:00,-5185.40192522321,39.625,-58.475,436197.009673543,5
141254,2016/01/07 00:00:00,P.glauca,2016/01/07 00:00:00,-5160.30343191964,40.025,-58.525,392732.872431431,5
141254,2016/01/08 00:00:00,P.glauca,2016/01/08 00:00:00,-5135.39501953125,40.4,-58.375,358557.75397843,5
141254,2016/01/09 00:00:00,P.glauca,2016/01/09 00:00:00,-5078.99351045005,40.875,-58.125,316268.134960785,5
141254,2016/01/10 00:00:00,P.glauca,2016/01/10 00:00:00,-5049.21140485491,41.125,-57.85,297445.571223241,2
141254,2016/01/11 00:00:00,P.glauca,2016/01/11 00:00:00,-5003.69181019176,41.425,-57.375,284117.903222819,2
141254,2016/01/12 00:00:00,P.glauca,2016/01/12 00:00:00,-5005.39479631696,41.375,-57.625,279294.208317429,2
141254,2016/01/13 00:00:00,P.glauca,2016/01/13 00:00:00,-5166.68938301282,40.475,-57.275,382532.971279025,2
141254,2016/01/15 00:00:00,P.glauca,2016/01/15 00:00:00,-5237.05917019314,38.825,-57.375,552756.974145474,2
141254,2016/01/17 00:00:00,P.glauca,2016/01/17 00:00:00,-5284.811328125,37.875,-56.6,673394.933153983,2
141254,2016/01/18 00:00:00,P.glauca,2016/01/18 00:00:00,-5284.63356711648,37.875,-56.4,679093.066139541,3
141254,2016/01/19 00:00:00,P.glauca,2016/01/19 00:00:00,-5283.75518217541,37.8,-56.4,686944.045825676,1
141254,2016/01/20 00:00:00,P.glauca,2016/01/20 00:00:00,-5295.30181430785,37.425,-56.375,727049.720478968,2
141254,2016/01/21 00:00:00,P.glauca,2016/01/21 00:00:00,-5323.84215198864,37.2,-56.025,752272.293776675,1
141254,2016/01/23 00:00:00,P.glauca,2016/01/23 00:00:00,-5337.51705911276,37.2,-55.45,728177.896424391,2
141254,2016/01/26 00:00:00,P.glauca,2016/01/26 00:00:00,-5362.52955729167,37.625,-55.375,683200.264089526,2
141254,2016/01/28 00:00:00,P.glauca,2016/01/28 00:00:00,-5307.85221771501,38.65,-55.95,613717.146937578,2
141254,2016/01/30 00:00:00,P.glauca,2016/01/30 00:00:00,-5236.83140136719,39.825,-56.325,482611.240749339,2
141254,2016/01/31 00:00:00,P.glauca,2016/01/31 00:00:00,-5221.69699707031,40.125,-55.35,455231.399483446,3
141256,2016/01/04 00:00:00,P.glauca,2016/01/04 00:00:00,-5304.625,28.4209044978664,-68.4791069362017,750662.202375828,4
141256,2016/01/05 00:00:00,P.glauca,2016/01/05 00:00:00,-5241.2099609375,28.6384597766323,-68.7169702240324,746771.295184764,1
141256,2016/01/06 00:00:00,P.glauca,2016/01/06 00:00:00,-5262.35009765625,28.6833862214222,-68.8721898292121,738161.810025548,5
141256,2016/01/09 00:00:00,P.glauca,2016/01/09 00:00:00,-5324.30447048611,28.9853287046104,-69.1525531944547,739843.912051396,5
141256,2016/01/10 00:00:00,P.glauca,2016/01/10 00:00:00,-5364.25244140625,28.9906688492548,-69.584998718716,710204.138107124,5
141256,2016/01/11 00:00:00,P.glauca,2016/01/11 00:00:00,-5376.35498046875,29.0049111446286,-69.7327157116016,698653.050234127,1
141256,2016/01/12 00:00:00,P.glauca,2016/01/12 00:00:00,-5440.330078125,29.0896984731246,-69.9345931842275,677722.66867867,1
141256,2016/01/14 00:00:00,P.glauca,2016/01/14 00:00:00,-5434.37512207031,29.1627814490939,-70.2299861260758,648070.85266139,5
141256,2016/01/16 00:00:00,P.glauca,2016/01/16 00:00:00,-5427.8798828125,29.368502510082,-70.8330271391208,586905.498512311,1
141256,2016/01/17 00:00:00,P.glauca,2016/01/17 00:00:00,-5420.47497558594,29.321092987043,-71.0316508422624,568440.861721409,5
141256,2016/01/20 00:00:00,P.glauca,2016/01/20 00:00:00,-5005.23486328125,28.3983667240455,-71.8625656959666,509734.081558664,1
141256,2016/01/22 00:00:00,P.glauca,2016/01/22 00:00:00,-4927.01882595486,27.9599033478287,-72.2613065974673,460411.47948381,4
141256,2016/01/24 00:00:00,P.glauca,2016/01/24 00:00:00,-4758.2099609375,28.5024675634833,-72.7548162839108,421689.241079258,1
141256,2016/01/25 00:00:00,P.glauca,2016/01/25 00:00:00,-4710.43994140625,28.4064968744076,-73.1438713833342,386499.975013927,1
141256,2016/01/26 00:00:00,P.glauca,2016/01/26 00:00:00,-4646.64990234375,28.4438514583972,-73.5124174763544,350389.539184875,1
141256,2016/01/27 00:00:00,P.glauca,2016/01/27 00:00:00,-4625.97485351562,28.3477468664418,-73.6176707346847,343028.114211411,1
141256,2016/01/29 00:00:00,P.glauca,2016/01/29 00:00:00,-4721.990234375,28.3534842771943,-73.2617636808271,376623.101544291,1
141257,2016/01/02 00:00:00,I.oxyrinchus,2016/01/02 00:00:00,-1471.23708027204,40.4060005048831,-67.1077427599322,5429.47667638839,2
141257,2016/01/17 00:00:00,I.oxyrinchus,2016/01/17 00:00:00,-1454.58996582031,36.6580448520048,-74.5536241712238,4637.87359260047,2
141257,2016/01/19 00:00:00,I.oxyrinchus,2016/01/19 00:00:00,-2067.3701171875,35.9259140872519,-74.3706640504626,32401.2313531599,2
141257,2016/01/20 00:00:00,I.oxyrinchus,2016/01/20 00:00:00,-1966.13247680664,36.1616320992928,-74.3986920436187,27095.8783325737,2
141257,2016/01/22 00:00:00,I.oxyrinchus,2016/01/22 00:00:00,-1051.48248291016,37.2157723012928,-74.4053167023899,3367.73485413864,1
141259,2016/01/09 00:00:00,P.glauca,2016/01/09 00:00:00,-4021.71990966797,26.1667702874353,-47.6479000253443,1714427.98574614,5
141259,2016/01/10 00:00:00,P.glauca,2016/01/10 00:00:00,-4401.740234375,26.629954779361,-48.0382290200359,1707956.33872908,5
141259,2016/01/13 00:00:00,P.glauca,2016/01/13 00:00:00,-4639.26489257812,27.6837423361164,-48.8148013729624,1673609.60637985,5
141259,2016/01/14 00:00:00,P.glauca,2016/01/14 00:00:00,-4815.89127604167,28.1659641926003,-49.2354669413389,1617963.59635518,5
141259,2016/01/15 00:00:00,P.glauca,2016/01/15 00:00:00,-4903.75348455256,28.5549198775986,-49.6251677663013,1573511.09952761,4
141259,2016/01/19 00:00:00,P.glauca,2016/01/19 00:00:00,-4662.98510742188,30.3453402933176,-50.1593310151092,1374415.60987612,5
141259,2016/01/21 00:00:00,P.glauca,2016/01/21 00:00:00,-4878.8798828125,31.5062657956339,-50.2536015166555,1245754.4502249,5
141259,2016/01/23 00:00:00,P.glauca,2016/01/23 00:00:00,-5591.05981445312,32.2419676033956,-49.974820713273,1164199.64703061,5
141254,2016/02/02 00:00:00,P.glauca,2016/02/02 00:00:00,-5231.93393787202,39.75,-54.35,434429.325369126,3
141254,2016/02/03 00:00:00,P.glauca,2016/02/03 00:00:00,-5264.70969742064,39.375,-54.875,494085.087256463,3
141254,2016/02/04 00:00:00,P.glauca,2016/02/04 00:00:00,-5288.43570115831,39.1,-54.85,518422.049669057,3
141256,2016/02/01 00:00:00,P.glauca,2016/02/01 00:00:00,-4917.85986328125,28.4104451339689,-72.424504566857,455378.113393274,3
141256,2016/02/02 00:00:00,P.glauca,2016/02/02 00:00:00,-4800.22998046875,28.6536076815917,-72.2179167927645,470354.16700082,1
141256,2016/02/04 00:00:00,P.glauca,2016/02/04 00:00:00,-4802.49837239583,28.5875732284151,-72.296942650421,464342.266498288,5
141256,2016/02/06 00:00:00,P.glauca,2016/02/06 00:00:00,-4992.86336263021,28.9457966502738,-72.0081109902536,482013.33630469,1
141256,2016/02/07 00:00:00,P.glauca,2016/02/07 00:00:00,-5340.35009765625,29.2886744319382,-71.8408461790878,491144.872370867,5
141256,2016/02/08 00:00:00,P.glauca,2016/02/08 00:00:00,-5417.77001953125,29.3652453957352,-71.3195618443525,540080.621036418,5
141256,2016/02/09 00:00:00,P.glauca,2016/02/09 00:00:00,-5426.19482421875,29.4557637075616,-70.9361073708741,575865.628435326,2
141256,2016/02/11 00:00:00,P.glauca,2016/02/11 00:00:00,-5357.70606780249,29.0601355801835,-71.1553695616962,561059.824565566,5
141256,2016/02/13 00:00:00,P.glauca,2016/02/13 00:00:00,-5190.01126195791,28.5863586850019,-71.3056713945262,558194.535806977,5
141256,2016/02/16 00:00:00,P.glauca,2016/02/16 00:00:00,-4939.93488735335,27.9732689912228,-71.0950924442279,527231.636822433,5
141256,2016/02/21 00:00:00,P.glauca,2016/02/21 00:00:00,-5217.72908925677,27.1314515324152,-69.9447356836315,550408.514762762,5
141257,2016/02/02 00:00:00,I.oxyrinchus,2016/02/02 00:00:00,-1227.68606796687,39.3631784426944,-72.0263920137799,2859.12751979771,1
141257,2016/02/12 00:00:00,I.oxyrinchus,2016/02/12 00:00:00,-1815.49310736223,39.0566001535155,-72.0371575528154,20673.3432065977,1
141257,2016/02/17 00:00:00,I.oxyrinchus,2016/02/17 00:00:00,-1783.87037981881,38.3461328529007,-72.9200926673216,30430.3689393157,2
141257,2016/02/19 00:00:00,I.oxyrinchus,2016/02/19 00:00:00,-1451.28915574906,38.773386778463,-72.7628397303277,9863.92812033675,2
141257,2016/02/22 00:00:00,I.oxyrinchus,2016/02/22 00:00:00,-1326.48285661425,39.0362424041659,-72.4219938027275,7108.37942398451,1
141257,2016/02/24 00:00:00,I.oxyrinchus,2016/02/24 00:00:00,-2807.84997558594,37.8500293193114,-72.7349189111917,79978.9904994049,4
141257,2016/02/26 00:00:00,I.oxyrinchus,2016/02/26 00:00:00,-1818.34552674627,37.3058935161391,-73.7699236886258,45471.4188501149,2
141257,2016/02/27 00:00:00,I.oxyrinchus,2016/02/27 00:00:00,-1130.03634991316,37.1409745782107,-74.3851622817983,7739.75120075309,2
141259,2016/02/03 00:00:00,P.glauca,2016/02/03 00:00:00,-5571.43017578125,36.7521601410147,-50.7891722810046,665576.425322045,4
141259,2016/02/09 00:00:00,P.glauca,2016/02/09 00:00:00,-5206.490234375,40.4810666638035,-51.9354458747657,278001.650177149,3
141259,2016/02/11 00:00:00,P.glauca,2016/02/11 00:00:00,-4211.81494140625,40.6718275342861,-50.8868740097729,233428.567548078,3
141259,2016/02/12 00:00:00,P.glauca,2016/02/12 00:00:00,-3791.57995605469,40.7031660194655,-50.2653203745939,225501.290619687,3
141259,2016/02/14 00:00:00,P.glauca,2016/02/14 00:00:00,-4164.76000976562,40.1488967538797,-48.9751017139318,300586.820231232,3
141259,2016/02/16 00:00:00,P.glauca,2016/02/16 00:00:00,-4343.43001302083,39.8991542378394,-47.1288297870194,390103.977252767,3
141259,2016/02/17 00:00:00,P.glauca,2016/02/17 00:00:00,-4105.47352294922,40.0421099819097,-46.5961866451593,404713.66411274,3
141259,2016/02/18 00:00:00,P.glauca,2016/02/18 00:00:00,-4254.90494791667,39.946409551177,-45.8118463853756,457887.109026068,3
141259,2016/02/23 00:00:00,P.glauca,2016/02/23 00:00:00,-4716.78328450521,41.1096054344561,-45.5511964143244,381111.764957765,3
141259,2016/02/24 00:00:00,P.glauca,2016/02/24 00:00:00,-4792.70751953125,41.6688571504606,-45.501414340177,349049.260490573,4
141259,2016/02/26 00:00:00,P.glauca,2016/02/26 00:00:00,-4138.52661132812,42.872388340417,-46.6715826667206,207156.82347522,3
141257,2016/03/02 00:00:00,I.oxyrinchus,2016/03/02 00:00:00,-2694.61010742188,36.9956030377403,-73.6746866617235,72676.1140613081,1
141257,2016/03/03 00:00:00,I.oxyrinchus,2016/03/03 00:00:00,-2815.61010742188,37.3623640673234,-73.2282721165972,80747.6336489776,1
141257,2016/03/08 00:00:00,I.oxyrinchus,2016/03/08 00:00:00,-1926.25,37.5335877541017,-73.8294750386049,29077.13081671,5
141257,2016/03/11 00:00:00,I.oxyrinchus,2016/03/11 00:00:00,-2183.65991210938,36.8619700892301,-74.167423536657,35893.550148023,5
141257,2016/03/13 00:00:00,I.oxyrinchus,2016/03/13 00:00:00,-1605.07995605469,37.0324562477902,-74.4008062770121,10744.0437487869,1
141257,2016/03/16 00:00:00,I.oxyrinchus,2016/03/16 00:00:00,-1911.90002441406,36.9708518620491,-74.3684430758825,16051.5784553999,4
141257,2016/03/26 00:00:00,I.oxyrinchus,2016/03/26 00:00:00,-1719.61015442439,37.0188368137599,-74.1821112270429,28920.576530808,4
141257,2016/03/30 00:00:00,I.oxyrinchus,2016/03/30 00:00:00,-2658.13989257812,37.0622015067617,-73.6479554559876,70907.4102435644,5
141257,2016/03/31 00:00:00,I.oxyrinchus,2016/03/31 00:00:00,-2732.56005859375,37.1790911360598,-73.4099636627162,79969.3332658148,4
141259,2016/03/19 00:00:00,P.glauca,2016/03/19 00:00:00,-4700.5877875434,40.1393461310053,-40.0174707468007,792822.132450467,4
141259,2016/03/23 00:00:00,P.glauca,2016/03/23 00:00:00,-4789.70990728022,39.360477589689,-39.8559895931256,876987.991359845,4
141259,2016/03/24 00:00:00,P.glauca,2016/03/24 00:00:00,-4763.92006835938,39.5114963223425,-39.8833805190888,860748.545012212,3
141259,2016/03/28 00:00:00,P.glauca,2016/03/28 00:00:00,-4527.53980712891,38.8786744020993,-38.2266128350555,987947.700720526,2
141259,2016/03/29 00:00:00,P.glauca,2016/03/29 00:00:00,-4502.48516644488,38.8663061571265,-38.1806596852163,990957.581181511,4
141259,2016/03/30 00:00:00,P.glauca,2016/03/30 00:00:00,-4566.9443359375,38.8960525601897,-38.3609753919603,981065.010287864,2
141257,2016/04/03 00:00:00,I.oxyrinchus,2016/04/03 00:00:00,-3142.52001953125,37.6492388155289,-72.2915871325637,123638.235216881,1
141257,2016/04/04 00:00:00,I.oxyrinchus,2016/04/04 00:00:00,-3491.02001953125,38.1162017723792,-70.7401352402263,173458.709944434,1
141257,2016/04/05 00:00:00,I.oxyrinchus,2016/04/05 00:00:00,-3995.18354724702,37.8060075435725,-69.8919537364599,226245.117546514,5
141257,2016/04/08 00:00:00,I.oxyrinchus,2016/04/08 00:00:00,-4219.25651886769,36.7943882682203,-70.2224901405569,318135.535092278,5
141257,2016/04/10 00:00:00,I.oxyrinchus,2016/04/10 00:00:00,-3706.76796545604,37.4338477401278,-70.999395462952,221671.32515637,5
141259,2016/04/01 00:00:00,P.glauca,2016/04/01 00:00:00,-4817.18001302083,38.7950393226112,-38.8424068785838,971498.279703796,4
141259,2016/04/04 00:00:00,P.glauca,2016/04/04 00:00:00,-3922.88250732422,38.5822914774408,-37.3374383362051,1053008.19328636,2
141259,2016/04/07 00:00:00,P.glauca,2016/04/07 00:00:00,-4348.72910039993,39.2360405740146,-36.5425737498036,1024630.65408376,2
133016,2016/09/22 00:00:00,P.glauca,2016/09/22 00:00:00,-3361.67992873419,41.3,-64.45,113891.981838003,2
133016,2016/09/26 00:00:00,P.glauca,2016/09/26 00:00:00,-2974.52503001035,41.225,-64.975,79594.7845030459,2
133016,2016/09/27 00:00:00,P.glauca,2016/09/27 00:00:00,-2746.0768895633,41.35,-65.1,63385.4001596626,2
133016,2016/09/29 00:00:00,P.glauca,2016/09/29 00:00:00,-2219.69743777212,41.375,-65.35,44407.8565507631,3
133021,2016/09/14 00:00:00,P.glauca,2016/09/14 00:00:00,-2168.53002929688,41.8561263084295,-65.0234092168395,39116.050153172,2
133021,2016/09/15 00:00:00,P.glauca,2016/09/15 00:00:00,-3579.10009765625,41.2088608804139,-64.591423277252,107955.452894062,2
133021,2016/09/16 00:00:00,P.glauca,2016/09/16 00:00:00,-4519.67120361328,40.5073374086708,-64.1540477486251,178305.825490943,4
133021,2016/09/17 00:00:00,P.glauca,2016/09/17 00:00:00,-4778.2998046875,39.8524164114777,-64.466727265293,204544.951718334,4
133021,2016/09/18 00:00:00,P.glauca,2016/09/18 00:00:00,-4486.08251953125,39.7939408137547,-65.2191024025413,160741.738205878,1
133021,2016/09/19 00:00:00,P.glauca,2016/09/19 00:00:00,-4334.02669270833,39.7255268450995,-65.626560212794,140968.756542601,1
133021,2016/09/20 00:00:00,P.glauca,2016/09/20 00:00:00,-4067.55110677083,39.5352057852329,-65.9260489540198,141624.363932582,1
133021,2016/09/22 00:00:00,P.glauca,2016/09/22 00:00:00,-2683.25,40.8714553887561,-65.9974892628989,33946.6699073601,2
133021,2016/09/23 00:00:00,P.glauca,2016/09/23 00:00:00,-2391.54504394531,41.2968336967221,-65.7561482164115,17358.80973789,2
133021,2016/09/25 00:00:00,P.glauca,2016/09/25 00:00:00,-3317.63500976562,41.3813562233221,-64.5916576665097,99456.015864641,3
133021,2016/09/28 00:00:00,P.glauca,2016/09/28 00:00:00,-3575.81994628906,41.3155211132569,-64.3275441726716,119315.818137748,2
133021,2016/09/30 00:00:00,P.glauca,2016/09/30 00:00:00,-3632.99249267578,41.094572009471,-64.7269853164011,104724.969950763,2
141247,2016/09/11 00:00:00,P.glauca,2016/09/11 00:00:00,-2058.38751220703,40.8291380334986,-66.3085947045907,14471.4401510343,5
141247,2016/09/12 00:00:00,P.glauca,2016/09/12 00:00:00,-3618.88989257812,41.032143831899,-64.8462741501138,98748.7690666856,2
141247,2016/09/13 00:00:00,P.glauca,2016/09/13 00:00:00,-3771.96997070312,41.3187551704017,-63.6176533638644,147218.990245777,2
141247,2016/09/14 00:00:00,P.glauca,2016/09/14 00:00:00,-3876.73999023438,41.381565485026,-62.8169338548016,151226.161386239,2
141247,2016/09/15 00:00:00,P.glauca,2016/09/15 00:00:00,-4500.7998046875,41.0093180634819,-62.2676540309563,195329.108281283,2
141247,2016/09/16 00:00:00,P.glauca,2016/09/16 00:00:00,-4707.169921875,40.782362282853,-61.7094068814216,226344.131065805,2
141247,2016/09/17 00:00:00,P.glauca,2016/09/17 00:00:00,-4747.26501464844,40.8233277853041,-61.2062820096139,229514.682870861,2
141247,2016/09/18 00:00:00,P.glauca,2016/09/18 00:00:00,-4530.10986328125,41.6473684554981,-60.8569140967502,150881.177416762,2
141247,2016/09/19 00:00:00,P.glauca,2016/09/19 00:00:00,-4206.55004882812,42.5092310633649,-59.7731344253476,97888.4910001804,2
141247,2016/09/20 00:00:00,P.glauca,2016/09/20 00:00:00,-4209.83829752604,42.6974045356239,-58.7908014816678,106519.628637558,2
141247,2016/09/21 00:00:00,P.glauca,2016/09/21 00:00:00,-4634.20825195312,42.2488173467053,-58.5393782189662,160374.025874985,2
141247,2016/09/22 00:00:00,P.glauca,2016/09/22 00:00:00,-4731.8076171875,42.1715590605378,-57.7407691416839,197322.735081769,2
141247,2016/09/23 00:00:00,P.glauca,2016/09/23 00:00:00,-4620.01999511719,42.3270049720547,-56.7788150240323,220304.445596653,2
141247,2016/09/24 00:00:00,P.glauca,2016/09/24 00:00:00,-4098.41015625,42.444480458402,-56.0646211995644,229860.418458037,2
141247,2016/09/25 00:00:00,P.glauca,2016/09/25 00:00:00,-4296.26334635417,42.4170377645039,-55.5449761850015,249616.775076824,4
141247,2016/09/26 00:00:00,P.glauca,2016/09/26 00:00:00,-4516.35498046875,42.4867597084041,-55.3030838304649,248282.037962745,2
141247,2016/09/27 00:00:00,P.glauca,2016/09/27 00:00:00,-4277.67993164062,43.1010937955344,-55.4329506084977,181043.847509891,2
141247,2016/09/28 00:00:00,P.glauca,2016/09/28 00:00:00,-3914.76776801215,43.5160619794981,-55.3081715951448,137807.982727445,2
141247,2016/09/29 00:00:00,P.glauca,2016/09/29 00:00:00,-3891.71834309896,43.535300215985004,-54.8709380394463,133998.925696489,2
141247,2016/09/30 00:00:00,P.glauca,2016/09/30 00:00:00,-3935.88500976562,43.4936679821225,-54.3901062341197,115577.400117797,2
141255,2016/09/18 00:00:00,P.glauca,2016/09/18 00:00:00,-2215.60565185547,41.3884970222441,-65.6848852646413,18076.636191761,1
141255,2016/09/20 00:00:00,P.glauca,2016/09/20 00:00:00,-1010.87498474121,41.0504158764164,-66.3000153877344,1708.29431130327,1
141255,2016/09/23 00:00:00,P.glauca,2016/09/23 00:00:00,-2723.14990234375,40.9750069914971,-65.9575475884645,29684.7608727089,2
154096,2016/09/08 00:00:00,P.glauca,2016/09/08 00:00:00,-2788.94995117188,41.3403901318433,-65.3204618464945,48545.4917006935,2
154096,2016/09/09 00:00:00,P.glauca,2016/09/09 00:00:00,-3618.88989257812,41.0427631734438,-64.872119901406,96276.1958139392,2
154096,2016/09/10 00:00:00,P.glauca,2016/09/10 00:00:00,-4174.21020507812,40.659971716489,-64.8060420649801,123460.323378104,2
154096,2016/09/11 00:00:00,P.glauca,2016/09/11 00:00:00,-4028.99249267578,40.15988239962,-65.563924683146,111196.195894708,2
133016,2016/10/30 00:00:00,P.glauca,2016/10/30 00:00:00,-4832.94357348245,38.8,-62.475,410244.69352649,5
133016,2016/10/31 00:00:00,P.glauca,2016/10/31 00:00:00,-4724.05806706746,38.575,-61.25,474536.460717372,5
133017,2016/10/17 00:00:00,P.glauca,2016/10/17 00:00:00,-4736.10009765625,40.6780094067059,-62.4035813023601,230593.571278386,2
133017,2016/10/21 00:00:00,P.glauca,2016/10/21 00:00:00,-4607.009765625,41.6803856097097,-60.4567161609362,163417.46447622,2
133017,2016/10/25 00:00:00,P.glauca,2016/10/25 00:00:00,-4615.58740234375,42.2525931556806,-58.4091465768803,163869.492752625,2
133017,2016/10/30 00:00:00,P.glauca,2016/10/30 00:00:00,-4748.60443793403,41.6433861208825,-55.8570625049686,318969.628491093,2
133017,2016/10/31 00:00:00,P.glauca,2016/10/31 00:00:00,-4581.4723828125,42.1217778081922,-55.1962238839794,276697.771815946,2
133018,2016/10/03 00:00:00,P.glauca,2016/10/03 00:00:00,-1450.41003417969,39.9973661250856,-68.9520808635627,416.533835951819,2
133018,2016/10/05 00:00:00,P.glauca,2016/10/05 00:00:00,-2353.3063703805,39.8705269992021,-67.9695969409244,39832.029490742,2
133018,2016/10/07 00:00:00,P.glauca,2016/10/07 00:00:00,-3167.19995117188,39.8650694608274,-67.1221224568466,59406.3271646515,1
133018,2016/10/08 00:00:00,P.glauca,2016/10/08 00:00:00,-4114.76739501953,39.386629979828,-66.9026384277503,115401.604029745,2
133018,2016/10/09 00:00:00,P.glauca,2016/10/09 00:00:00,-4274.40002441406,38.9946009968667,-67.1797315307612,148639.825501255,2
133018,2016/10/10 00:00:00,P.glauca,2016/10/10 00:00:00,-4508,38.621536129111,-66.9636857942573,193608.220445593,2
133018,2016/10/11 00:00:00,P.glauca,2016/10/11 00:00:00,-4615.1413269043,38.6368111911913,-66.0802950360667,220739.874199159,4
133018,2016/10/12 00:00:00,P.glauca,2016/10/12 00:00:00,-4625.7971875,38.8898780419445,-65.9451908238445,200733.806848995,5
133018,2016/10/13 00:00:00,P.glauca,2016/10/13 00:00:00,-4909.99971516927,38.6608075712546,-64.9938374482108,267520.954669068,5
133018,2016/10/15 00:00:00,P.glauca,2016/10/15 00:00:00,-5035.69199371338,37.0776277850989,-62.1584012496008,562321.07320349,5
133018,2016/10/16 00:00:00,P.glauca,2016/10/16 00:00:00,-4950.06209679806,36.4128509213652,-62.0090707570726,626601.653990571,5
133018,2016/10/18 00:00:00,P.glauca,2016/10/18 00:00:00,-4945.21789550781,35.4207146455703,-62.4197351614805,693473.228208666,5
133018,2016/10/19 00:00:00,P.glauca,2016/10/19 00:00:00,-5049.67947048611,35.0649197235612,-62.5149563036782,721711.26362864,5
133018,2016/10/20 00:00:00,P.glauca,2016/10/20 00:00:00,-5021.0155859375,34.7988433906205,-62.6813902910761,739131.226613883,4
133018,2016/10/23 00:00:00,P.glauca,2016/10/23 00:00:00,-4400.39404296875,33.5014414870478,-62.0524469373114,893066.805544988,5
133018,2016/10/24 00:00:00,P.glauca,2016/10/24 00:00:00,-4675.06982421875,32.8905924570518,-61.6871478888837,968870.48813888,5
133018,2016/10/27 00:00:00,P.glauca,2016/10/27 00:00:00,-5115.56982421875,31.222437152336,-60.9675075481268,1164475.18856546,4
133018,2016/10/28 00:00:00,P.glauca,2016/10/28 00:00:00,-5447.580078125,30.6082427923285,-60.5632153481198,1242647.72907939,4
133018,2016/10/29 00:00:00,P.glauca,2016/10/29 00:00:00,-5518.63444010417,29.8944705744615,-60.3821600861982,1277616.34537635,4
133018,2016/10/30 00:00:00,P.glauca,2016/10/30 00:00:00,-5491.48670789931,29.1248538389442,-59.9542717540472,1204705.16979371,4
133018,2016/10/31 00:00:00,P.glauca,2016/10/31 00:00:00,-5715.80037144252,28.5833353641292,-59.817505020218,1150730.34933267,4
133021,2016/10/01 00:00:00,P.glauca,2016/10/01 00:00:00,-3543.43499755859,41.2464846499225,-64.5043766417109,112351.630122394,3
133021,2016/10/03 00:00:00,P.glauca,2016/10/03 00:00:00,-3506.4599609375,41.3385066708373,-64.4221536870796,113417.837435905,4
133021,2016/10/04 00:00:00,P.glauca,2016/10/04 00:00:00,-3644.40002441406,41.2376670823193,-64.423481174758,118851.067592638,3
133021,2016/10/05 00:00:00,P.glauca,2016/10/05 00:00:00,-4154.00512695312,40.8805721380306,-64.0965494494048,162450.107713561,3
133021,2016/10/07 00:00:00,P.glauca,2016/10/07 00:00:00,-4716.52001953125,40.2195502742048,-64.0398908572594,204777.843615759,2
133021,2016/10/11 00:00:00,P.glauca,2016/10/11 00:00:00,-3530.03753662109,39.3230103156881,-65.4878077967432,183062.407934963,2
133021,2016/10/16 00:00:00,P.glauca,2016/10/16 00:00:00,-2840.46997070312,41.0005664353644,-65.7304703560081,43103.5491334058,4
133021,2016/10/17 00:00:00,P.glauca,2016/10/17 00:00:00,-3374.14361328125,41.0334477400926,-65.1158588822477,78534.1271104872,3
133021,2016/10/18 00:00:00,P.glauca,2016/10/18 00:00:00,-3732.67993164062,40.9455147868168,-64.8098628892987,105849.505981284,2
133021,2016/10/22 00:00:00,P.glauca,2016/10/22 00:00:00,-4761.10197753906,39.8389774803531,-64.5238692119844,201616.183564392,3
133021,2016/10/23 00:00:00,P.glauca,2016/10/23 00:00:00,-4750.18994140625,39.7966813080267,-64.610132487456,198670.676581522,3
133021,2016/10/24 00:00:00,P.glauca,2016/10/24 00:00:00,-4822.33508300781,39.6758125748613,-64.5049006068418,214133.037636891,2
133021,2016/10/29 00:00:00,P.glauca,2016/10/29 00:00:00,-4743.52978515625,39.6054670484271,-64.7708661008827,202594.594378862,2
133021,2016/10/30 00:00:00,P.glauca,2016/10/30 00:00:00,-4837.81994628906,39.4843534909346,-64.5951811691964,222774.916494425,3
133021,2016/10/31 00:00:00,P.glauca,2016/10/31 00:00:00,-4885.71723090278,39.3884723887063,-64.3039179742287,248198.04530729,2
141255,2016/10/08 00:00:00,P.glauca,2016/10/08 00:00:00,-2496.3525390625,41.1920138827102,-65.8437035962607,19848.018326651,2
141255,2016/10/11 00:00:00,P.glauca,2016/10/11 00:00:00,-2735.32006835938,40.7933218162762,-66.131616409984,28714.3087375051,2
141255,2016/10/15 00:00:00,P.glauca,2016/10/15 00:00:00,-3180.18994140625,39.8763624623098,-66.8562230405609,67746.373296428,4
141255,2016/10/22 00:00:00,P.glauca,2016/10/22 00:00:00,-4093.89990234375,39.7985038393707,-65.9131077529065,118976.177043803,4
141255,2016/10/23 00:00:00,P.glauca,2016/10/23 00:00:00,-4411.3798828125,39.2121962281115,-66.2972956161731,154926.328708701,3
141255,2016/10/25 00:00:00,P.glauca,2016/10/25 00:00:00,-4955.0234375,37.8269925248607,-65.1228077761337,338685.986794123,5
141255,2016/10/29 00:00:00,P.glauca,2016/10/29 00:00:00,-4717.39013671875,38.0240968299713,-62.4243723722691,471041.748327436,5
141255,2016/10/30 00:00:00,P.glauca,2016/10/30 00:00:00,-5052.43679470486,37.7688001562414,-62.3476949071162,495779.624854533,5
141255,2016/10/31 00:00:00,P.glauca,2016/10/31 00:00:00,-5049.625,37.3855359025851,-61.9731881909699,549369.233564947,5
106754,2016/11/01 00:00:00,P.glauca,2016/11/01 00:00:00,-2144.48999023438,39.7415100881886,-69.2378158979726,18447.2449040814,2
106754,2016/11/02 00:00:00,P.glauca,2016/11/02 00:00:00,-2415.80000813802,39.4538322156495,-69.769526199895,43144.9028526522,2
106754,2016/11/03 00:00:00,P.glauca,2016/11/03 00:00:00,-2557.32719726562,39.4061604676624,-70.2098658553862,50147.6384799765,2
106754,2016/11/05 00:00:00,P.glauca,2016/11/05 00:00:00,-2137.0483601888,39.6605006609252,-70.8797227923791,20338.2205193059,2
106754,2016/11/08 00:00:00,P.glauca,2016/11/08 00:00:00,-1072.78002929688,39.7022408526594,-71.645324852832,273.512882244706,2
106754,2016/11/10 00:00:00,P.glauca,2016/11/10 00:00:00,-1013.40997314453,39.6268482855457,-71.6971354573411,989.53286756446,2
106754,2016/11/13 00:00:00,P.glauca,2016/11/13 00:00:00,-1692.35998535156,39.5211251721283,-71.6400388420047,13253.3284724313,2
106754,2016/11/14 00:00:00,P.glauca,2016/11/14 00:00:00,-2195.05004882812,39.2575036277689,-71.7356275112541,24554.3001085656,2
106754,2016/11/15 00:00:00,P.glauca,2016/11/15 00:00:00,-2493.60498046875,38.9035439108243,-71.9740055497043,38077.5973350861,2
106754,2016/11/18 00:00:00,P.glauca,2016/11/18 00:00:00,-2413.14990234375,38.2461247461276,-73.0577120747887,29178.8928999558,5
106754,2016/11/21 00:00:00,P.glauca,2016/11/21 00:00:00,-1687.31415049235,37.8308491400825,-73.6927080425814,18520.2500538658,2
106754,2016/11/22 00:00:00,P.glauca,2016/11/22 00:00:00,-1400.43333604601,37.8758446152327,-73.8103349876288,7105.16262439808,2
106754,2016/11/23 00:00:00,P.glauca,2016/11/23 00:00:00,-1059.0625,37.8690275500364,-73.9235188705897,1562.0989882771,2
106754,2016/11/25 00:00:00,P.glauca,2016/11/25 00:00:00,-1277.65598983765,37.6136055970627,-74.0481677337197,8311.44196179936,2
106754,2016/11/26 00:00:00,P.glauca,2016/11/26 00:00:00,-1482.98248291016,37.5070806249165,-73.9966422764197,17522.3275024644,2
106754,2016/11/27 00:00:00,P.glauca,2016/11/27 00:00:00,-1842.43005371094,37.443927007774,-73.8544905069075,31595.5047912087,2
106754,2016/11/28 00:00:00,P.glauca,2016/11/28 00:00:00,-1714.50250244141,37.0959666512286,-74.3107209451388,15310.2237935049,1
106754,2016/11/29 00:00:00,P.glauca,2016/11/29 00:00:00,-1385.21332804362,36.3296445009747,-74.6359973340759,5503.99284665548,5
106754,2016/11/30 00:00:00,P.glauca,2016/11/30 00:00:00,-2568.169921875,36.3984244973202,-74.0531549341763,55995.5380986516,2
133016,2016/11/02 00:00:00,P.glauca,2016/11/02 00:00:00,-4899.24583217076,38.35,-59.9,523767.761303122,1
133016,2016/11/05 00:00:00,P.glauca,2016/11/05 00:00:00,-5245.07452876984,39.175,-57.125,522019.168188862,1
133017,2016/11/01 00:00:00,P.glauca,2016/11/01 00:00:00,-4690.25251464844,42.3382281369503,-54.6083866176946,224502.508612817,2
133017,2016/11/02 00:00:00,P.glauca,2016/11/02 00:00:00,-4812.54955078125,42.2789793660561,-54.1346391296149,202804.386644028,2
133017,2016/11/03 00:00:00,P.glauca,2016/11/03 00:00:00,-4836.72998046875,42.3355145077866,-53.674681867148,175685.069679283,2
133017,2016/11/24 00:00:00,P.glauca,2016/11/24 00:00:00,-4426.5498046875,42.077990543361,-55.982029177916,270116.389109149,3
133017,2016/11/25 00:00:00,P.glauca,2016/11/25 00:00:00,-4692.97021484375,41.9130807807451,-55.6330595331924,298315.798047322,2
133017,2016/11/28 00:00:00,P.glauca,2016/11/28 00:00:00,-4969.2099609375,41.3463232055632,-53.973217621893,277302.615700835,2
133017,2016/11/29 00:00:00,P.glauca,2016/11/29 00:00:00,-5098.8701171875,40.884885536123,-53.4255916539246,285977.717469642,2
133018,2016/11/01 00:00:00,P.glauca,2016/11/01 00:00:00,-5831.76358032227,28.1612027680248,-59.8321756586962,1105599.66362979,5
133018,2016/11/03 00:00:00,P.glauca,2016/11/03 00:00:00,-6170.35986328125,27.2338817079438,-59.3673909599096,1023596.23552258,5
133018,2016/11/04 00:00:00,P.glauca,2016/11/04 00:00:00,-6088.12496948242,26.6789350026789,-59.0848358602803,977735.821715293,4
133018,2016/11/05 00:00:00,P.glauca,2016/11/05 00:00:00,-5422.56005859375,26.0529190789916,-59.0314295197492,917286.550054611,4
133018,2016/11/06 00:00:00,P.glauca,2016/11/06 00:00:00,-5899.2236328125,25.5457409607591,-58.8182285173247,875954.882021157,4
133018,2016/11/07 00:00:00,P.glauca,2016/11/07 00:00:00,-5848.63989257812,24.9478505280661,-58.7614176538987,819724.935491807,4
133018,2016/11/08 00:00:00,P.glauca,2016/11/08 00:00:00,-5847.7900390625,24.2069244440599,-58.6287164207447,755775.697448189,4
133018,2016/11/09 00:00:00,P.glauca,2016/11/09 00:00:00,-5909.65502929688,23.5939917341811,-58.7439098921079,692679.089032397,4
133018,2016/11/11 00:00:00,P.glauca,2016/11/11 00:00:00,-5738.84558105469,22.3313366443237,-58.7680960095218,581164.588643831,4
133018,2016/11/12 00:00:00,P.glauca,2016/11/12 00:00:00,-5498.76669921875,21.6940549086613,-58.7580466942927,529371.265714097,4
133018,2016/11/13 00:00:00,P.glauca,2016/11/13 00:00:00,-5293.06005859375,21.0875200354451,-58.7613346792008,476083.048074452,4
133018,2016/11/14 00:00:00,P.glauca,2016/11/14 00:00:00,-5348.52490234375,20.499017000762,-58.8037731452987,424528.852413288,4
133018,2016/11/16 00:00:00,P.glauca,2016/11/16 00:00:00,-5143.40588378906,19.2274604832964,-58.7543618916772,341768.068790819,4
133018,2016/11/17 00:00:00,P.glauca,2016/11/17 00:00:00,-5634.13244628906,18.6566522309946,-58.6855742433787,321645.432049768,4
133018,2016/11/18 00:00:00,P.glauca,2016/11/18 00:00:00,-5596.06005859375,18.2863080433262,-58.7525947768507,296467.594133797,4
133018,2016/11/21 00:00:00,P.glauca,2016/11/21 00:00:00,-4976.88488769531,16.7393043710827,-58.7150781753896,221275.242231171,4
133018,2016/11/24 00:00:00,P.glauca,2016/11/24 00:00:00,-4383.89524042039,15.3369205974825,-58.5412608213049,198352.455706111,4
133018,2016/11/29 00:00:00,P.glauca,2016/11/29 00:00:00,-3617.49354815483,12.9262818970222,-57.7677492082062,172122.108002578,4
133021,2016/11/02 00:00:00,P.glauca,2016/11/02 00:00:00,-5002.72330729167,38.2496814370852,-64.4483269845515,332573.061325781,2
133021,2016/11/04 00:00:00,P.glauca,2016/11/04 00:00:00,-5020.82983398438,37.5524372019826,-64.2251706785435,406932.908343256,4
133021,2016/11/05 00:00:00,P.glauca,2016/11/05 00:00:00,-5056.57779947917,38.0510649258337,-63.7307842273716,389128.444115202,3
133021,2016/11/10 00:00:00,P.glauca,2016/11/10 00:00:00,-4732.4501953125,41.0565992180364,-60.7929632690175,213957.631618395,2
133021,2016/11/11 00:00:00,P.glauca,2016/11/11 00:00:00,-4827.32112027392,41.1017648305301,-60.3291560643606,224708.050542969,2
133021,2016/11/13 00:00:00,P.glauca,2016/11/13 00:00:00,-4811.569140625,41.7950256163353,-59.1634506270945,190076.921991031,3
133021,2016/11/16 00:00:00,P.glauca,2016/11/16 00:00:00,-4579.15867513021,42.2771592908636,-58.3913556530283,161875.419961834,3
133021,2016/11/18 00:00:00,P.glauca,2016/11/18 00:00:00,-4676.36431884766,42.1472842981791,-58.4954657013221,172215.177497686,2
133021,2016/11/21 00:00:00,P.glauca,2016/11/21 00:00:00,-3848.70745849609,42.8296582155635,-59.2810782049498,83594.3365946123,2
133021,2016/11/22 00:00:00,P.glauca,2016/11/22 00:00:00,-3158.5088941786,43.0222532783932,-59.5422778711829,55449.2985621421,2
133021,2016/11/23 00:00:00,P.glauca,2016/11/23 00:00:00,-3268.73190673828,43.0148119735597,-59.3938246057421,62694.7909487345,2
133021,2016/11/26 00:00:00,P.glauca,2016/11/26 00:00:00,-4402.060078125,42.4606748354451,-58.9677646300097,128409.023661651,2
133021,2016/11/28 00:00:00,P.glauca,2016/11/28 00:00:00,-4479.07006835938,42.2608125085364,-59.6469974805931,127325.374791293,2
133021,2016/11/30 00:00:00,P.glauca,2016/11/30 00:00:00,-4753.32099609375,42.0017826907915,-58.9378376174099,178636.817364043,2
141255,2016/11/01 00:00:00,P.glauca,2016/11/01 00:00:00,-5038.23990885417,37.1382260175215,-62.0935072410791,561428.269575718,5
141255,2016/11/03 00:00:00,P.glauca,2016/11/03 00:00:00,-5013.43017578125,37.0983112767638,-62.2847592596998,552996.040160465,5
141255,2016/11/04 00:00:00,P.glauca,2016/11/04 00:00:00,-5063.28824869792,37.1744649966685,-61.8781102388859,572054.416413192,5
141255,2016/11/05 00:00:00,P.glauca,2016/11/05 00:00:00,-4954.65169270833,36.8719284020911,-61.6887717828551,607726.521946721,5
141255,2016/11/06 00:00:00,P.glauca,2016/11/06 00:00:00,-4891.79888237847,36.4253973594275,-61.8964514208698,631986.056928554,5
141255,2016/11/07 00:00:00,P.glauca,2016/11/07 00:00:00,-4987.919921875,36.308985510931,-62.1924941617169,625371.566036396,5
141255,2016/11/09 00:00:00,P.glauca,2016/11/09 00:00:00,-4991.56494140625,36.2598693571689,-62.141897869787,632463.27460219,5
141255,2016/11/10 00:00:00,P.glauca,2016/11/10 00:00:00,-4936.84985351562,36.1659005258474,-62.0110935861726,647907.802923137,5
141255,2016/11/15 00:00:00,P.glauca,2016/11/15 00:00:00,-5002.0862121582,35.9132917160421,-62.4969473535014,644317.701864265,5
141255,2016/11/16 00:00:00,P.glauca,2016/11/16 00:00:00,-4991.60986328125,35.9114559038783,-62.8094832873762,628617.087566154,5
141255,2016/11/20 00:00:00,P.glauca,2016/11/20 00:00:00,-4894.1298828125,35.259690835709,-64.7056833695678,613049.435773619,5
141255,2016/11/22 00:00:00,P.glauca,2016/11/22 00:00:00,-5115.86499023438,34.5522851837467,-64.8345171594345,682041.847002859,1
141255,2016/11/27 00:00:00,P.glauca,2016/11/27 00:00:00,-5203.85986328125,34.1788267091406,-66.3419139352817,681533.993918204,5
141255,2016/11/28 00:00:00,P.glauca,2016/11/28 00:00:00,-5204.93994140625,33.9842485068878,-66.7443493074558,692725.60282717,5
163097,2016/11/01 00:00:00,P.glauca,2016/11/01 00:00:00,-1283.34579146992,40.35,-67.375,2055.56358239013,2
163097,2016/11/03 00:00:00,P.glauca,2016/11/03 00:00:00,-1993.62733450996,40.4,-66.85,18900.7636250045,1
163097,2016/11/10 00:00:00,P.glauca,2016/11/10 00:00:00,-1791.79771030971,40.125,-67.875,14637.757057052,2
163097,2016/11/11 00:00:00,P.glauca,2016/11/11 00:00:00,-2112.2576379776,39.9,-68.25,24716.667318884,1
163097,2016/11/14 00:00:00,P.glauca,2016/11/14 00:00:00,-1795.85307292938,39.65,-69.4,25379.8659983553,2
163097,2016/11/19 00:00:00,P.glauca,2016/11/19 00:00:00,-2138.510617733,38.9,-72.175,29712.6686183066,2
163097,2016/11/26 00:00:00,P.glauca,2016/11/26 00:00:00,-3848.81763696915,38.075,-69.525,196826.580273997,2
163097,2016/11/27 00:00:00,P.glauca,2016/11/27 00:00:00,-4020.18452148438,37.875,-69.35,220586.535180655,2
163097,2016/11/30 00:00:00,P.glauca,2016/11/30 00:00:00,-4712.11637581169,37.625,-67.8,277830.819724614,2
106754,2016/12/01 00:00:00,P.glauca,2016/12/01 00:00:00,-2684,37.5467020479998,-73.2466793079488,68028.9805907609,2
106754,2016/12/02 00:00:00,P.glauca,2016/12/02 00:00:00,-2614.330078125,37.3193712505302,-73.4827466440404,67287.5839699241,2
106754,2016/12/04 00:00:00,P.glauca,2016/12/04 00:00:00,-2410.61010742188,37.1174115090234,-73.7929920592968,56963.6186735214,2
106754,2016/12/05 00:00:00,P.glauca,2016/12/05 00:00:00,-1609.34997558594,36.8983676203958,-74.4472100343985,10669.1526814631,2
106754,2016/12/06 00:00:00,P.glauca,2016/12/06 00:00:00,-2225.76000976562,36.61505331652,-74.1919465954292,36404.7439242745,2
106754,2016/12/07 00:00:00,P.glauca,2016/12/07 00:00:00,-2326.90991210938,37.1280434527853,-73.8965947180951,48590.9653094032,3
106754,2016/12/09 00:00:00,P.glauca,2016/12/09 00:00:00,-2941.68994140625,37.4897613834846,-72.602746086254,116205.690246814,2
106754,2016/12/10 00:00:00,P.glauca,2016/12/10 00:00:00,-3245.80004882812,37.5313165266078,-72.1123390763595,144096.503033855,2
106754,2016/12/11 00:00:00,P.glauca,2016/12/11 00:00:00,-3344.7900390625,37.591174203778,-71.6295956747576,170399.632865888,2
106754,2016/12/13 00:00:00,P.glauca,2016/12/13 00:00:00,-3802.44995117188,37.8075291335667,-70.6829559814561,202735.773141741,2
106754,2016/12/15 00:00:00,P.glauca,2016/12/15 00:00:00,-3794.38989257812,37.7502078379136,-71.0601491336819,188873.861016966,2
106754,2016/12/16 00:00:00,P.glauca,2016/12/16 00:00:00,-4159.68155924479,37.6170215079729,-70.0398442717982,247525.833681623,4
106754,2016/12/17 00:00:00,P.glauca,2016/12/17 00:00:00,-4259.01497395833,38.1532368969345,-68.404304899583,207744.569608299,2
106754,2016/12/18 00:00:00,P.glauca,2016/12/18 00:00:00,-4821.7900390625,37.9909365749037,-66.7858749578359,265125.570417378,5
106754,2016/12/20 00:00:00,P.glauca,2016/12/20 00:00:00,-4998.97835286458,37.655884697057,-64.7044981774129,373730.518176507,5
106754,2016/12/21 00:00:00,P.glauca,2016/12/21 00:00:00,-5000.33064778646,37.3614971857153,-64.2660665943942,422242.136262415,5
106754,2016/12/22 00:00:00,P.glauca,2016/12/22 00:00:00,-4927.3614327567,36.9112803277669,-63.9710706586563,478381.661246599,5
106754,2016/12/23 00:00:00,P.glauca,2016/12/23 00:00:00,-5039.94490559896,36.3282198887379,-63.5331521482195,553990.802496631,1
106754,2016/12/25 00:00:00,P.glauca,2016/12/25 00:00:00,-4853.18994140625,35.2321055137648,-62.1883868514417,722540.0779325,5
106754,2016/12/26 00:00:00,P.glauca,2016/12/26 00:00:00,-4613.33984375,34.8067347672287,-61.7282302945107,785080.871621729,5
106754,2016/12/28 00:00:00,P.glauca,2016/12/28 00:00:00,-4716.08251953125,33.9702450808299,-61.1542593258007,891609.002790118,5
106754,2016/12/31 00:00:00,P.glauca,2016/12/31 00:00:00,-4964.7099609375,33.0651454311351,-60.1243521461219,1028100.89220063,5
133016,2016/12/02 00:00:00,P.glauca,2016/12/02 00:00:00,-5143.34954427083,40.625,-57.4,363076.263493787,5
133016,2016/12/06 00:00:00,P.glauca,2016/12/06 00:00:00,-5054.5030670166,40.85,-55.4,392987.382436516,2
133016,2016/12/07 00:00:00,P.glauca,2016/12/07 00:00:00,-4971.04582868304,41.1,-54.85,343924.896905375,2
133016,2016/12/10 00:00:00,P.glauca,2016/12/10 00:00:00,-4896.05710255016,41.55,-53.65,242103.485794222,2
133016,2016/12/14 00:00:00,P.glauca,2016/12/14 00:00:00,-4902.8897412618,41.65,-53.5,225379.842916532,4
133016,2016/12/19 00:00:00,P.glauca,2016/12/19 00:00:00,-4805.39594511144,40.975,-51.85,224230.55243987,2
133017,2016/12/03 00:00:00,P.glauca,2016/12/03 00:00:00,-5241.11079915365,39.5725629584851,-54.0922389801932,439895.219029737,2
133017,2016/12/06 00:00:00,P.glauca,2016/12/06 00:00:00,-5227.81005859375,39.8886978699531,-55.1998145844644,465889.963516472,2
133017,2016/12/09 00:00:00,P.glauca,2016/12/09 00:00:00,-5137.68505859375,40.3931296449585,-54.5445461054344,387007.143480779,2
133017,2016/12/10 00:00:00,P.glauca,2016/12/10 00:00:00,-5206.919921875,40.3115068097951,-53.9519287044966,363677.737903408,2
133017,2016/12/15 00:00:00,P.glauca,2016/12/15 00:00:00,-5229.60094633557,39.8276405311361,-54.5962116013647,439180.449526082,4
133018,2016/12/02 00:00:00,P.glauca,2016/12/02 00:00:00,-4307.50218671634,11.7298766228117,-56.8956366191817,302365.680979187,4
133018,2016/12/03 00:00:00,P.glauca,2016/12/03 00:00:00,-4311.06439208984,11.4244936526129,-56.8803279060906,320520.349448773,4
133018,2016/12/06 00:00:00,P.glauca,2016/12/06 00:00:00,-4135.39833612673,10.5960042173487,-56.0548841201529,307954.066854222,4
133018,2016/12/07 00:00:00,P.glauca,2016/12/07 00:00:00,-4219.90761178093,10.6522962402378,-55.6404671152269,311357.397310332,4
133018,2016/12/09 00:00:00,P.glauca,2016/12/09 00:00:00,-4469.95753158758,10.8626930751074,-55.0502579462855,319525.693242765,2
133018,2016/12/10 00:00:00,P.glauca,2016/12/10 00:00:00,-4511.15418601523,10.9269132516186,-54.8888911067535,324649.536569019,4
133018,2016/12/13 00:00:00,P.glauca,2016/12/13 00:00:00,-4736.04488721306,11.4341719675415,-54.3668221162474,377860.192729174,2
133018,2016/12/14 00:00:00,P.glauca,2016/12/14 00:00:00,-4803.6328125,11.6767029875762,-54.1816482834774,404796.727692504,4
133018,2016/12/15 00:00:00,P.glauca,2016/12/15 00:00:00,-4821.10009765625,11.861011978826,-54.0646774025212,425733.215504264,4
133018,2016/12/16 00:00:00,P.glauca,2016/12/16 00:00:00,-4811.52755473573,11.939476265229,-54.0358809976322,434590.577490104,4
133018,2016/12/17 00:00:00,P.glauca,2016/12/17 00:00:00,-4833.17595563616,11.9275148430676,-53.9748022413099,433754.992043246,4
133018,2016/12/18 00:00:00,P.glauca,2016/12/18 00:00:00,-4835.919921875,11.8639327392241,-53.7274163967394,429803.611603675,2
133018,2016/12/19 00:00:00,P.glauca,2016/12/19 00:00:00,-4889.02912248884,11.7400658836407,-53.4716066891149,421035.219918566,4
133018,2016/12/20 00:00:00,P.glauca,2016/12/20 00:00:00,-4874.81908671061,11.5635663997701,-53.3227149287069,403751.757430757,4
133018,2016/12/21 00:00:00,P.glauca,2016/12/21 00:00:00,-4856.99606896755,11.3625646786522,-53.26355878197,382870.804266983,2
133018,2016/12/24 00:00:00,P.glauca,2016/12/24 00:00:00,-4796.3055920664,10.8841522051607,-53.4623201900442,327179.754617333,4
133018,2016/12/25 00:00:00,P.glauca,2016/12/25 00:00:00,-4650.46503814325,10.823353171897,-53.6111389093546,318621.288472933,4
133018,2016/12/27 00:00:00,P.glauca,2016/12/27 00:00:00,-4378.16366314888,10.8290460007624,-53.9945134240425,312560.031267303,2
133018,2016/12/28 00:00:00,P.glauca,2016/12/28 00:00:00,-4369.13818688464,10.8805618424404,-54.2189825251905,316650.8983311,3
133018,2016/12/29 00:00:00,P.glauca,2016/12/29 00:00:00,-4443.68351478889,10.9545248689073,-54.4585817260548,324971.157523638,3
133021,2016/12/03 00:00:00,P.glauca,2016/12/03 00:00:00,-4941.00023735894,41.5582006624096,-57.6296612844469,260927.560034522,2
133021,2016/12/04 00:00:00,P.glauca,2016/12/04 00:00:00,-5005.5732421875,41.4668694639021,-57.2787255149172,284185.107144455,2
133021,2016/12/05 00:00:00,P.glauca,2016/12/05 00:00:00,-5047.77001953125,41.4526047734426,-56.9449670472026,300376.04122523,2
133021,2016/12/06 00:00:00,P.glauca,2016/12/06 00:00:00,-5056.7099609375,41.3114281917313,-56.7015224779211,324887.428335314,2
133021,2016/12/07 00:00:00,P.glauca,2016/12/07 00:00:00,-5124,40.9684337581114,-56.7085702704771,356263.204178737,1
133021,2016/12/09 00:00:00,P.glauca,2016/12/09 00:00:00,-5123.35009765625,40.9330919488184,-56.4120714787533,373242.967542124,2
133021,2016/12/10 00:00:00,P.glauca,2016/12/10 00:00:00,-5071.02001953125,41.0355450891678,-55.7512353877343,385777.148840246,3
133021,2016/12/11 00:00:00,P.glauca,2016/12/11 00:00:00,-4930.26416015625,41.1311450374832,-55.1620658021571,355966.097063189,2
133021,2016/12/12 00:00:00,P.glauca,2016/12/12 00:00:00,-4894,41.2394027736821,-55.0422391233882,340323.478571738,2
133021,2016/12/16 00:00:00,P.glauca,2016/12/16 00:00:00,-5108.06982421875,40.599950414553,-54.3779706858365,360406.409324816,3
133021,2016/12/17 00:00:00,P.glauca,2016/12/17 00:00:00,-4987.0375,41.1385940464711,-54.2537989228386,310229.604416031,2
133021,2016/12/18 00:00:00,P.glauca,2016/12/18 00:00:00,-4861.59114583333,41.5153191107776,-54.6198386375543,294852.113900262,2
133021,2016/12/19 00:00:00,P.glauca,2016/12/19 00:00:00,-4829.07332356771,41.689293452974,-54.8579370921608,291480.274870443,2
133021,2016/12/20 00:00:00,P.glauca,2016/12/20 00:00:00,-4762.84008789062,41.5243544964977,-54.9226211229617,309094.998602069,2
133021,2016/12/21 00:00:00,P.glauca,2016/12/21 00:00:00,-4733.90999348958,41.9382720028817,-54.8435111390081,269827.509070793,2
133021,2016/12/22 00:00:00,P.glauca,2016/12/22 00:00:00,-4692.36832682292,42.4846146127168,-54.6072191631291,213589.790848426,2
133021,2016/12/23 00:00:00,P.glauca,2016/12/23 00:00:00,-4706.13254394531,41.9254350281311,-55.0070414051698,280173.146336477,2
133021,2016/12/24 00:00:00,P.glauca,2016/12/24 00:00:00,-4816.85986328125,41.6126428018562,-54.8144410687924,295806.560781325,2
141255,2016/12/01 00:00:00,P.glauca,2016/12/01 00:00:00,-5151.30004882812,32.7801630878127,-68.0273776601767,689953.361892294,2
141255,2016/12/02 00:00:00,P.glauca,2016/12/02 00:00:00,-5182.02978515625,32.7643395137045,-68.4302224441887,657472.570685969,5
141255,2016/12/03 00:00:00,P.glauca,2016/12/03 00:00:00,-5327.64013671875,32.8129055294433,-69.009033601628,607571.647374559,5
141255,2016/12/04 00:00:00,P.glauca,2016/12/04 00:00:00,-5369.30004882812,32.713525277585,-69.6590294568099,561244.553521971,5
141255,2016/12/05 00:00:00,P.glauca,2016/12/05 00:00:00,-5411.68017578125,32.6990918890459,-70.1759493118685,522212.617534565,5
141255,2016/12/07 00:00:00,P.glauca,2016/12/07 00:00:00,-5391.21484375,32.9979821473396,-71.1663988239621,427214.428365601,1
141255,2016/12/09 00:00:00,P.glauca,2016/12/09 00:00:00,-5316.08984375,33.2819642844311,-71.8555645164078,356863.893594702,1
141255,2016/12/10 00:00:00,P.glauca,2016/12/10 00:00:00,-5301.30249023438,33.313983619327,-72.0082534221044,343386.17995962,5
141255,2016/12/11 00:00:00,P.glauca,2016/12/11 00:00:00,-5187.14990234375,33.5625221303976,-72.3555019103376,301055.51015203,1
141255,2016/12/12 00:00:00,P.glauca,2016/12/12 00:00:00,-4848.97998046875,33.9081785867211,-72.9624651828646,233007.576212454,1
141255,2016/12/15 00:00:00,P.glauca,2016/12/15 00:00:00,-3166.96149902344,34.7286181691189,-74.6318269627165,55088.7711402258,5
141255,2016/12/16 00:00:00,P.glauca,2016/12/16 00:00:00,-2825.1816813151,35.0712159491547,-74.6276146643307,33782.5259735563,4
141255,2016/12/19 00:00:00,P.glauca,2016/12/19 00:00:00,-3845.86165364583,36.0786427821157,-72.5461540053869,194119.438167072,1
141258,2016/12/28 00:00:00,P.glauca,2016/12/28 00:00:00,-4534.03157552083,38.076927245078,-67.7099918380996,231929.310892563,5
141258,2016/12/31 00:00:00,P.glauca,2016/12/31 00:00:00,-4532.56982421875,38.9642737937659,-66.4541958043737,173925.305857899,2
163097,2016/12/02 00:00:00,P.glauca,2016/12/02 00:00:00,-4807.3156539917,37.925,-66.5,279346.603507401,4
163097,2016/12/04 00:00:00,P.glauca,2016/12/04 00:00:00,-4672.73823963512,38.6,-63.9,334306.515273652,5
163097,2016/12/06 00:00:00,P.glauca,2016/12/06 00:00:00,-4781.60365656803,37.85,-62.65,470880.296543457,5
163097,2016/12/07 00:00:00,P.glauca,2016/12/07 00:00:00,-5007.09677641369,36.95,-62.4,558484.077309966,5
163097,2016/12/08 00:00:00,P.glauca,2016/12/08 00:00:00,-4963.28597647684,36.375,-62.15,621944.541260385,5
163097,2016/12/09 00:00:00,P.glauca,2016/12/09 00:00:00,-4929.50777052107,35.875,-62.05,671371.792840396,5
163097,2016/12/11 00:00:00,P.glauca,2016/12/11 00:00:00,-4765.62423706055,34.575,-62.1,787930.125291505,5
163097,2016/12/12 00:00:00,P.glauca,2016/12/12 00:00:00,-4789.16995833039,34.225,-63.125,776549.816905748,5
163097,2016/12/13 00:00:00,P.glauca,2016/12/13 00:00:00,-4849.53952955163,33.95,-63.95,773808.04519976,5
163097,2016/12/14 00:00:00,P.glauca,2016/12/14 00:00:00,-4798.40233176491,33.675,-64.7,778123.287537326,4
163097,2016/12/18 00:00:00,P.glauca,2016/12/18 00:00:00,-5156.36317397609,32.575,-67.95,707062.833791367,5
163097,2016/12/19 00:00:00,P.glauca,2016/12/19 00:00:00,-5238.28637352331,32.2,-68.6,675753.790429563,5
163097,2016/12/20 00:00:00,P.glauca,2016/12/20 00:00:00,-5128.13598632812,33.025,-67.625,712030.048361033,4
163097,2016/12/23 00:00:00,P.glauca,2016/12/23 00:00:00,-5229.6778931042,31.8,-68.55,704789.084388748,5
163097,2016/12/24 00:00:00,P.glauca,2016/12/24 00:00:00,-5209.95200195312,31.625,-68.275,737282.881515423,5
163097,2016/12/28 00:00:00,P.glauca,2016/12/28 00:00:00,-5411.3357220818,31.225,-70.925,547439.918370403,5
163097,2016/12/29 00:00:00,P.glauca,2016/12/29 00:00:00,-5406.66830351858,31.325,-71.5,493520.251958113,5
163097,2016/12/30 00:00:00,P.glauca,2016/12/30 00:00:00,-5381.97996638371,31.425,-72.075,439538.253039952,5
163097,2016/12/31 00:00:00,P.glauca,2016/12/31 00:00:00,-5345.69907924107,31.55,-72.475,399355.243848009,5
106754,2017/01/01 00:00:00,P.glauca,2017/01/01 00:00:00,-4918.97599609375,32.8481230538109,-59.5449937152024,1078464.95115336,5
106754,2017/01/03 00:00:00,P.glauca,2017/01/03 00:00:00,-5183.1168682912,32.2958774801047,-58.5931189978058,1180207.39322005,5
106754,2017/01/05 00:00:00,P.glauca,2017/01/05 00:00:00,-5408.39477921619,31.6116783503696,-57.8735462058981,1281516.03013205,5
106754,2017/01/06 00:00:00,P.glauca,2017/01/06 00:00:00,-5473.51567267243,31.2363729412544,-57.5791962845645,1331641.54703717,5
106754,2017/01/07 00:00:00,P.glauca,2017/01/07 00:00:00,-5491.25412916101,30.8477907954001,-57.3169097476775,1381265.03379308,5
106754,2017/01/08 00:00:00,P.glauca,2017/01/08 00:00:00,-5496.77578610426,30.4527114428926,-57.0780158962619,1430274.62711558,4
106754,2017/01/11 00:00:00,P.glauca,2017/01/11 00:00:00,-5649.25333658854,29.2931853545407,-56.4185626449366,1353736.52783063,4
106754,2017/01/13 00:00:00,P.glauca,2017/01/13 00:00:00,-5915.97021484375,28.301221252988,-56.1861148666558,1269789.86250543,4
106754,2017/01/14 00:00:00,P.glauca,2017/01/14 00:00:00,-5847.16015625,27.8372183085914,-56.0311948034347,1234653.7390478,4
106754,2017/01/18 00:00:00,P.glauca,2017/01/18 00:00:00,-5847.85009765625,25.9430942276363,-54.8928801915876,1142314.07211479,4
106754,2017/01/20 00:00:00,P.glauca,2017/01/20 00:00:00,-6271.990234375,25.0071396953011,-54.5863318237301,1084801.23911035,4
106754,2017/01/21 00:00:00,P.glauca,2017/01/21 00:00:00,-5300.5849609375,24.5843124801739,-54.2469975867981,1075773.14793858,5
106754,2017/01/23 00:00:00,P.glauca,2017/01/23 00:00:00,-4904.07751464844,23.5948072069322,-53.7585551762291,1042437.68900566,4
106754,2017/01/24 00:00:00,P.glauca,2017/01/24 00:00:00,-5413.00246582031,23.1550955818803,-53.6186197557031,1025470.17190882,4
106754,2017/01/25 00:00:00,P.glauca,2017/01/25 00:00:00,-5460.95122612847,22.6990176367194,-53.4421320879623,1013081.20244835,4
106754,2017/01/26 00:00:00,P.glauca,2017/01/26 00:00:00,-5385.44924519857,22.2282819725694,-53.2294107312938,1006017.61558894,4
106754,2017/01/29 00:00:00,P.glauca,2017/01/29 00:00:00,-5027.6365280878,20.8236408046855,-52.4213347215015,1007544.46686831,4
106754,2017/01/30 00:00:00,P.glauca,2017/01/30 00:00:00,-5035.47431399498,20.3904120174153,-52.1111688029019,1015380.7352568,4
106754,2017/01/31 00:00:00,P.glauca,2017/01/31 00:00:00,-4777.77335611979,19.9911769809632,-51.7885142922646,1029174.00505248,4
133016,2017/01/02 00:00:00,P.glauca,2017/01/02 00:00:00,-4984.65415385585,41.1,-53.15,253248.425696832,2
133016,2017/01/10 00:00:00,P.glauca,2017/01/10 00:00:00,-5015.83671258224,41.175,-53.8,280367.38727687,3
133016,2017/01/15 00:00:00,P.glauca,2017/01/15 00:00:00,-4992.01323769309,41.4,-53.6,250711.172192833,4
133016,2017/01/21 00:00:00,P.glauca,2017/01/21 00:00:00,-4952.43370950633,41.4,-53.875,267215.049648765,2
133017,2017/01/01 00:00:00,P.glauca,2017/01/01 00:00:00,-5294.99499511719,38.9687990914253,-54.0573894488856,497891.853974905,2
133017,2017/01/03 00:00:00,P.glauca,2017/01/03 00:00:00,-5357.7900390625,38.724922719336,-53.4724673864932,502979.926544589,4
133017,2017/01/06 00:00:00,P.glauca,2017/01/06 00:00:00,-5372.41015625,38.2818939004645,-53.2750160881811,544318.210035372,4
133017,2017/01/07 00:00:00,P.glauca,2017/01/07 00:00:00,-5362.66702473958,38.2309106154445,-53.4894919931182,555316.625258334,4
133017,2017/01/08 00:00:00,P.glauca,2017/01/08 00:00:00,-5363.89001464844,38.3898249584005,-53.9174690402613,551622.497419377,4
133017,2017/01/13 00:00:00,P.glauca,2017/01/13 00:00:00,-5351.2900390625,37.8177371327096,-55.4603496907724,668016.119122125,4
133017,2017/01/19 00:00:00,P.glauca,2017/01/19 00:00:00,-5147.91015625,39.3219843407295,-59.0753458488908,449189.00510791,4
141255,2017/01/06 00:00:00,P.glauca,2017/01/06 00:00:00,-4664.02001953125,32.2511818439982,-74.4638820811261,196757.094976753,1
141255,2017/01/07 00:00:00,P.glauca,2017/01/07 00:00:00,-4787.21329752604,32.1406289409523,-74.2786009995786,218023.071504979,1
141255,2017/01/09 00:00:00,P.glauca,2017/01/09 00:00:00,-4295.7998046875,31.6000201098282,-74.6563065127526,215981.104091698,1
141255,2017/01/11 00:00:00,P.glauca,2017/01/11 00:00:00,-3024.61499023438,31.8890094782675,-75.3587737280192,142546.607125276,1
141255,2017/01/13 00:00:00,P.glauca,2017/01/13 00:00:00,-3098.93994140625,31.9621526800499,-75.3291180150906,140685.742806745,1
141255,2017/01/14 00:00:00,P.glauca,2017/01/14 00:00:00,-3272.1201171875,32.0831192157667,-75.3376639176488,133649.508153084,1
141255,2017/01/18 00:00:00,P.glauca,2017/01/18 00:00:00,-4172.91015625,32.9560703941856,-74.963747131057,120886.580491218,5
141258,2017/01/02 00:00:00,P.glauca,2017/01/02 00:00:00,-4799.7001953125,38.7959832100919,-65.4410158977065,232655.155829755,5
141258,2017/01/05 00:00:00,P.glauca,2017/01/05 00:00:00,-4966.90787086261,37.1627888240425,-64.5234718658835,428916.382344179,5
141258,2017/01/08 00:00:00,P.glauca,2017/01/08 00:00:00,-4903.52498372396,35.3204392418308,-65.7158170189413,576296.006355849,5
141258,2017/01/12 00:00:00,P.glauca,2017/01/12 00:00:00,-5259.69378255208,34.1094000015344,-67.8877313944733,648087.242748586,2
141258,2017/01/27 00:00:00,P.glauca,2017/01/27 00:00:00,-4977.49584960938,32.390315006689,-73.9443924563859,233794.89992069,5
141258,2017/01/29 00:00:00,P.glauca,2017/01/29 00:00:00,-3929.6650390625,32.2485491636687,-75.2065361679887,135744.946141091,5
163097,2017/01/02 00:00:00,P.glauca,2017/01/02 00:00:00,-5212.45268286538,32.125,-73.05,322635.027692296,5
163097,2017/01/06 00:00:00,P.glauca,2017/01/06 00:00:00,-5106.90624917798,32.85,-73.025,288225.79602983303,5
163097,2017/01/08 00:00:00,P.glauca,2017/01/08 00:00:00,-5066.54254940257,33.125,-72.9,287178.75501642,1
163097,2017/01/09 00:00:00,P.glauca,2017/01/09 00:00:00,-4906.92300623249,33.2,-73.325,247086.220706142,1
163097,2017/01/10 00:00:00,P.glauca,2017/01/10 00:00:00,-4549.24508342634,33.375,-73.8,198865.753204274,1
163097,2017/01/11 00:00:00,P.glauca,2017/01/11 00:00:00,-4244.13233774038,33.675,-74.125,159604.318562772,1
163097,2017/01/13 00:00:00,P.glauca,2017/01/13 00:00:00,-4248.07032287199,33.775,-74.125,156305.221914212,2
163097,2017/01/14 00:00:00,P.glauca,2017/01/14 00:00:00,-3965.64845451586,33.9,-74.35,131350.199693442,4
163097,2017/01/15 00:00:00,P.glauca,2017/01/15 00:00:00,-3612.09884283841,34.15,-74.425,109816.57944098,5
163097,2017/01/17 00:00:00,P.glauca,2017/01/17 00:00:00,-4154.725578187,34.325,-73.65,154523.861257344,5
163097,2017/01/20 00:00:00,P.glauca,2017/01/20 00:00:00,-4244.4032631322,34.375,-73.45,166161.153833855,5
163097,2017/01/21 00:00:00,P.glauca,2017/01/21 00:00:00,-4102.91181500449,34.125,-73.925,147320.471235359,1
163097,2017/01/22 00:00:00,P.glauca,2017/01/22 00:00:00,-3913.17479535568,34.4,-73.925,129216.369008202,5
163097,2017/01/25 00:00:00,P.glauca,2017/01/25 00:00:00,-4080.10741328206,35.125,-72.975,168302.370618229,1
163097,2017/01/26 00:00:00,P.glauca,2017/01/26 00:00:00,-4100.44253540039,35.425,-72.75,182646.641366308,3
163097,2017/01/29 00:00:00,P.glauca,2017/01/29 00:00:00,-2986.86048789695,36.375,-73.45,107928.019651689,1
163097,2017/01/31 00:00:00,P.glauca,2017/01/31 00:00:00,-3661.80861085834,36.525,-72.425,193364.218678797,5
106754,2017/02/01 00:00:00,P.glauca,2017/02/01 00:00:00,-4557.60660807292,19.6408581776568,-51.4617153033323,1048038.40910943,4
106754,2017/02/04 00:00:00,P.glauca,2017/02/04 00:00:00,-4586.8798828125,18.9436634447742,-50.4034117706617,1130301.52570859,4
106754,2017/02/05 00:00:00,P.glauca,2017/02/05 00:00:00,-4119.31005859375,18.6998355648094,-50.1202168300393,1143299.57868718,4
106754,2017/02/06 00:00:00,P.glauca,2017/02/06 00:00:00,-4391.73999023438,18.5050336628337,-49.7419017378035,1169044.8901294,4
106754,2017/02/08 00:00:00,P.glauca,2017/02/08 00:00:00,-3608.32006835938,17.9493813195452,-49.1316069699993,1202980.44885071,4
106754,2017/02/09 00:00:00,P.glauca,2017/02/09 00:00:00,-4173.509765625,17.6561657806467,-48.7946342622153,1197209.31444152,4
106754,2017/02/11 00:00:00,P.glauca,2017/02/11 00:00:00,-3878.41966959635,17.2200962188666,-48.0971205442359,1185669.88834681,4
106754,2017/02/13 00:00:00,P.glauca,2017/02/13 00:00:00,-3608.883984375,16.9662164814093,-47.3222530034423,1202096.15095076,4
106754,2017/02/14 00:00:00,P.glauca,2017/02/14 00:00:00,-3280.98619442894,17.0070380516472,-46.8431646950944,1233553.92075296,4
106754,2017/02/15 00:00:00,P.glauca,2017/02/15 00:00:00,-3283.44568684896,17.1383516882816,-46.4141928940968,1271427.4429076,4
106754,2017/02/16 00:00:00,P.glauca,2017/02/16 00:00:00,-3175.28503417969,17.331514107878,-46.1422579938914,1305639.66426162,4
106754,2017/02/17 00:00:00,P.glauca,2017/02/17 00:00:00,-3621.044921875,17.6884004445158,-46.1051362705679,1340107.00511828,4
106754,2017/02/19 00:00:00,P.glauca,2017/02/19 00:00:00,-3603.70170200893,18.214602876807,-45.6272336021469,1416887.72352908,4
106754,2017/02/21 00:00:00,P.glauca,2017/02/21 00:00:00,-3858.80249023438,18.4077656512021,-44.7719923377504,1488158.67054287,4
106754,2017/02/22 00:00:00,P.glauca,2017/02/22 00:00:00,-3533.96830240885,18.5906541092069,-44.476836484849,1523370.89504679,3
106754,2017/02/23 00:00:00,P.glauca,2017/02/23 00:00:00,-3827.46049804687,18.610315942888,-44.1993491155552,1543415.78482529,2
106754,2017/02/27 00:00:00,P.glauca,2017/02/27 00:00:00,-4341.40759277344,18.7497365283675,-43.3313587330424,1614531.1543711,4
106754,2017/02/28 00:00:00,P.glauca,2017/02/28 00:00:00,-4673.27514648438,18.3488874735763,-43.2272705259729,1589099.72478778,4
133016,2017/02/15 00:00:00,P.glauca,2017/02/15 00:00:00,-4807.06316929169,41.95,-54.2,235276.574904654,4
133016,2017/02/16 00:00:00,P.glauca,2017/02/16 00:00:00,-4784.09689630247,41.95,-54.425,246339.821956306,4
133017,2017/02/03 00:00:00,P.glauca,2017/02/03 00:00:00,-4741.84580556163,42.0510368176668,-58.1418652926047,193057.416551993,2
133017,2017/02/05 00:00:00,P.glauca,2017/02/05 00:00:00,-4602.02978515625,42.3628223995479,-57.7780034046036,177911.298595328,2
133017,2017/02/06 00:00:00,P.glauca,2017/02/06 00:00:00,-4694.10348573023,42.1887992097929,-57.6215354129537,201150.499947858,4
133017,2017/02/07 00:00:00,P.glauca,2017/02/07 00:00:00,-4720.41741415895,42.126014909027,-57.7877946831531,199628.15292509,4
133017,2017/02/08 00:00:00,P.glauca,2017/02/08 00:00:00,-4658.03067016602,42.2406219545009,-57.8292380327972,186951.63716037,2
133017,2017/02/11 00:00:00,P.glauca,2017/02/11 00:00:00,-4791.52498372396,41.956682479415,-57.1581377228963,244452.738394985,2
133017,2017/02/12 00:00:00,P.glauca,2017/02/12 00:00:00,-4875.05834960938,41.7761132063215,-57.3682754993417,250949.182785773,2
133017,2017/02/13 00:00:00,P.glauca,2017/02/13 00:00:00,-4881.97998046875,41.8079512467566,-57.868038014139,227196.248603812,3
141255,2017/02/05 00:00:00,P.glauca,2017/02/05 00:00:00,-3833.26000976562,32.5078763066417,-75.3113513920135,113147.284670168,1
141255,2017/02/08 00:00:00,P.glauca,2017/02/08 00:00:00,-3111.89990234375,33.9723783997684,-75.2772241670503,48208.0430285305,1
141255,2017/02/10 00:00:00,P.glauca,2017/02/10 00:00:00,-3434.13989257812,34.6213181247197,-74.3578571412549,82599.5833286664,1
141255,2017/02/11 00:00:00,P.glauca,2017/02/11 00:00:00,-3568.7099609375,34.5460596794603,-74.2950746137212,92000.3417621471,1
141255,2017/02/16 00:00:00,P.glauca,2017/02/16 00:00:00,-3096.92276343295,35.2228206730205,-74.084719198405,68397.7831210863,1
141255,2017/02/19 00:00:00,P.glauca,2017/02/19 00:00:00,-2848.36703503831,35.3791880323826,-73.9766746565548,73148.12709596,1
141255,2017/02/21 00:00:00,P.glauca,2017/02/21 00:00:00,-3107.56097992099,35.332916120948,-73.9191581387813,79435.9961573657,1
141258,2017/02/03 00:00:00,P.glauca,2017/02/03 00:00:00,-3328.79801025391,31.0801616138412,-76.0383826977404,131670.598125613,5
141258,2017/02/05 00:00:00,P.glauca,2017/02/05 00:00:00,-3257.71997070312,31.0593261510267,-76.3857118510685,100741.891677168,2
141258,2017/02/06 00:00:00,P.glauca,2017/02/06 00:00:00,-3043.09002685547,31.2436250230874,-76.3416691424736,97885.8448318766,1
141258,2017/02/07 00:00:00,P.glauca,2017/02/07 00:00:00,-2795.54401855469,31.4847896152693,-76.3004476617991,93344.4715270044,5
141258,2017/02/10 00:00:00,P.glauca,2017/02/10 00:00:00,-3665.75250244141,30.8426473587103,-76.0254654223699,128231.051635891,5
141258,2017/02/12 00:00:00,P.glauca,2017/02/12 00:00:00,-3564.1533203125,30.9867858490709,-75.6819491194361,164541.579194689,2
141258,2017/02/14 00:00:00,P.glauca,2017/02/14 00:00:00,-3169.64990234375,31.2872442875408,-75.9493546206145,131773.269565806,2
163097,2017/02/01 00:00:00,P.glauca,2017/02/01 00:00:00,-3679.15420735677,36.575,-72.275,201293.027381914,1
163097,2017/02/05 00:00:00,P.glauca,2017/02/05 00:00:00,-3856.95253089806,36.325,-72.175,219778.396074858,5
163097,2017/02/06 00:00:00,P.glauca,2017/02/06 00:00:00,-3732.14665332031,36.225,-72.525,192034.535906194,5
163097,2017/02/07 00:00:00,P.glauca,2017/02/07 00:00:00,-3739.311058155,36.275,-72.55,188335.902721445,1
163097,2017/02/11 00:00:00,P.glauca,2017/02/11 00:00:00,-3944.1208077567,35.825,-72.625,189448.331699769,5
163097,2017/02/12 00:00:00,P.glauca,2017/02/12 00:00:00,-3780.05422883875,35.9,-72.875,166025.868794614,1
163097,2017/02/13 00:00:00,P.glauca,2017/02/13 00:00:00,-3559.95110999213,36.075,-73.075,146649.676041493,3
163097,2017/02/14 00:00:00,P.glauca,2017/02/14 00:00:00,-3505.07226388114,36.1,-73.125,141966.242722769,1
163097,2017/02/16 00:00:00,P.glauca,2017/02/16 00:00:00,-3230.66486968994,35.925,-73.6,100708.989224381,1
163097,2017/02/18 00:00:00,P.glauca,2017/02/18 00:00:00,-3504.6732723721602,35.9,-73.225,134633.111424244,5
163097,2017/02/20 00:00:00,P.glauca,2017/02/20 00:00:00,-3470.72203967525,36.225,-73.15,139124.548861526,3
163097,2017/02/21 00:00:00,P.glauca,2017/02/21 00:00:00,-3663.50928606306,36.175,-72.85,166180.133196785,3
106754,2017/03/01 00:00:00,P.glauca,2017/03/01 00:00:00,-4398.31994628906,17.9420272802968,-43.3088582437644,1550445.84970535,4
106754,2017/03/02 00:00:00,P.glauca,2017/03/02 00:00:00,-4289.0498046875,17.7296621274997,-43.5172253632204,1518193.73920436,4
106754,2017/03/03 00:00:00,P.glauca,2017/03/03 00:00:00,-4149.64013671875,17.8899924712374,-43.9589178160759,1499362.14002631,4
106754,2017/03/04 00:00:00,P.glauca,2017/03/04 00:00:00,-3509.58508300781,18.1963809833109,-44.3569441333747,1497464.73603862,4
106754,2017/03/05 00:00:00,P.glauca,2017/03/05 00:00:00,-3659.82995605469,18.4938935769632,-44.7164677095166,1499280.71442586,4
106754,2017/03/06 00:00:00,P.glauca,2017/03/06 00:00:00,-4145.78991699219,18.7917070143871,-45.0666223130908,1503323.41448816,4
106754,2017/03/08 00:00:00,P.glauca,2017/03/08 00:00:00,-2684.09000651042,19.1684851857482,-45.7989009601844,1494284.29401641,4
106754,2017/03/10 00:00:00,P.glauca,2017/03/10 00:00:00,-3118.08996582031,18.9007782348023,-46.6619903151215,1421829.66511893,4
106754,2017/03/11 00:00:00,P.glauca,2017/03/11 00:00:00,-2996.08746337891,18.7514722957767,-46.9530258410578,1392352.78710203,4
106754,2017/03/12 00:00:00,P.glauca,2017/03/12 00:00:00,-3380.94030273438,18.6644048416359,-47.0799121076285,1377450.59718824,4
106754,2017/03/14 00:00:00,P.glauca,2017/03/14 00:00:00,-3451.78053804838,18.6730683025043,-46.9428564734475,1385295.66133953,4
106754,2017/03/15 00:00:00,P.glauca,2017/03/15 00:00:00,-3437.2072038548,18.74810897738,-46.7264990194511,1403791.44893667,4
106754,2017/03/17 00:00:00,P.glauca,2017/03/17 00:00:00,-3403.71816847646,18.9876668985248,-46.117085954534,1459509.40308827,4
106754,2017/03/19 00:00:00,P.glauca,2017/03/19 00:00:00,-3380.15557037838,19.277358972946,-45.4306901695687,1525529.12901609,4
106754,2017/03/21 00:00:00,P.glauca,2017/03/21 00:00:00,-3517.57913270289,19.5346003223534,-44.8576494515757,1583005.21955634,4
106754,2017/03/22 00:00:00,P.glauca,2017/03/22 00:00:00,-3688.14070056734,19.6253876265588,-44.6731178011377,1602389.17260201,4
106754,2017/03/24 00:00:00,P.glauca,2017/03/24 00:00:00,-3549.95495605469,19.881936551271,-44.7507966189868,1620961.17951955,4
106754,2017/03/27 00:00:00,P.glauca,2017/03/27 00:00:00,-3547.21496582031,19.711502583082,-45.9769123113931,1535645.03958371,4
106754,2017/03/28 00:00:00,P.glauca,2017/03/28 00:00:00,-3093.82006835938,19.5293707029347,-46.3415409414255,1498954.44022102,4
106754,2017/03/29 00:00:00,P.glauca,2017/03/29 00:00:00,-3307.0625,19.7293067877007,-46.7358641154529,1498398.81974509,4
106754,2017/03/31 00:00:00,P.glauca,2017/03/31 00:00:00,-3413.0600382487,20.221660187964,-46.8460305622906,1526038.85102071,4
106754,2017/04/01 00:00:00,P.glauca,2017/04/01 00:00:00,-3933.23168945312,20.3706612790011,-46.6686071228035,1550005.73870763,4
106754,2017/04/02 00:00:00,P.glauca,2017/04/02 00:00:00,-3474.14664713542,20.4944771958578,-46.4407281371264,1577411.94891833,4
106754,2017/04/03 00:00:00,P.glauca,2017/04/03 00:00:00,-3009.71002197266,20.5915387086959,-46.1480542794175,1609511.80667631,4
106754,2017/04/06 00:00:00,P.glauca,2017/04/06 00:00:00,-3702.50756835938,21.2739477011727,-46.8870993461451,1557993.35761825,3
106754,2017/04/07 00:00:00,P.glauca,2017/04/07 00:00:00,-3547.61778428819,21.548094712334,-47.24556173012,1532600.11483592,3
163096,2017/11/10 00:00:00,I.oxyrinchus,2017/11/10 00:00:00,-1356.74119995117,39.7907240177252,-69.9761032156645,6195.54741467426,1
163096,2017/11/11 00:00:00,I.oxyrinchus,2017/11/11 00:00:00,-2480.51000976562,39.4609133592945,-69.9599818943173,42740.2220943563,1
163096,2017/11/12 00:00:00,I.oxyrinchus,2017/11/12 00:00:00,-2594.61010742188,39.3838201599016,-70.1821576559667,52974.9597936232,1
163096,2017/11/13 00:00:00,I.oxyrinchus,2017/11/13 00:00:00,-2723.18994140625,39.1917322139094,-70.3300894802947,72916.420435096,3
163096,2017/11/15 00:00:00,I.oxyrinchus,2017/11/15 00:00:00,-2977.75,38.7435786800752,-70.9654384800697,112331.77106654,3
163096,2017/11/16 00:00:00,I.oxyrinchus,2017/11/16 00:00:00,-2877.93994140625,38.6177218847684,-71.2270338604371,104103.402078711,3
163096,2017/11/17 00:00:00,I.oxyrinchus,2017/11/17 00:00:00,-2842.44995117188,38.554893558942,-71.2600337038071,106852.833179623,1
163096,2017/11/18 00:00:00,I.oxyrinchus,2017/11/18 00:00:00,-2901.11010742188,38.4050567574978,-71.5574277509209,104098.200421238,1
163096,2017/11/20 00:00:00,I.oxyrinchus,2017/11/20 00:00:00,-3093.82006835938,37.8549528692422,-72.0526347158525,123237.404930083,1
163096,2017/11/21 00:00:00,I.oxyrinchus,2017/11/21 00:00:00,-3559.97497558594,37.5743011712806,-71.4563439107782,182962.290253852,1
163096,2017/11/22 00:00:00,I.oxyrinchus,2017/11/22 00:00:00,-4269.93762207031,37.1830064079554,-70.3082124765108,278019.246422976,4
163096,2017/11/23 00:00:00,I.oxyrinchus,2017/11/23 00:00:00,-4267.10986328125,37.4338007438191,-69.3234201205772,269443.450102683,1
163096,2017/11/24 00:00:00,I.oxyrinchus,2017/11/24 00:00:00,-3888.74749755859,38.2553119085833,-68.8266079997761,187093.325092971,1
163096,2017/11/26 00:00:00,I.oxyrinchus,2017/11/26 00:00:00,-4265.240234375,38.6647175952456,-67.5136081510235,175859.581568657,1
163096,2017/11/27 00:00:00,I.oxyrinchus,2017/11/27 00:00:00,-4603.5,38.5299125618549,-66.5786334689954,214000.082306379,1
163096,2017/11/28 00:00:00,I.oxyrinchus,2017/11/28 00:00:00,-4738.23434448242,38.4036688752978,-65.7000597693936,258463.006474577,1
163096,2017/11/29 00:00:00,I.oxyrinchus,2017/11/29 00:00:00,-5010.68668619792,38.2923638039638,-64.3799490921421,332448.560100145,1
163098,2017/11/07 00:00:00,I.oxyrinchus,2017/11/07 00:00:00,-3000.82889071378,39.6,-67.875,70160.6212611897,1
163098,2017/11/08 00:00:00,I.oxyrinchus,2017/11/08 00:00:00,-3488.85776435004,39.1,-68.025,115107.387374792,1
163098,2017/11/09 00:00:00,I.oxyrinchus,2017/11/09 00:00:00,-4417.26686859131,38.35,-67.6,205566.129242583,4
163098,2017/11/10 00:00:00,I.oxyrinchus,2017/11/10 00:00:00,-4851.59563050881,37.725,-66.875,291016.424535942,4
163098,2017/11/11 00:00:00,I.oxyrinchus,2017/11/11 00:00:00,-4940.24501702724,37.475,-65.85,346644.760106798,4
163098,2017/11/12 00:00:00,I.oxyrinchus,2017/11/12 00:00:00,-4951.54153781467,37.35,-65.35,377268.605421395,4
163098,2017/11/13 00:00:00,I.oxyrinchus,2017/11/13 00:00:00,-4961.2284161603,37.05,-65,420486.282179616,4
163098,2017/11/14 00:00:00,I.oxyrinchus,2017/11/14 00:00:00,-4945.01503807607,36.725,-64.875,457881.753450824,4
163098,2017/11/15 00:00:00,I.oxyrinchus,2017/11/15 00:00:00,-4947.76960961613,36.6,-64.875,470524.545715425,4
163098,2017/11/16 00:00:00,I.oxyrinchus,2017/11/16 00:00:00,-4981.39150168679,36.15,-64.875,516006.646084084,3
163098,2017/11/17 00:00:00,I.oxyrinchus,2017/11/17 00:00:00,-4970.18277452257,35.975,-65.1,526057.867037661,4
163098,2017/11/18 00:00:00,I.oxyrinchus,2017/11/18 00:00:00,-4931.36502511161,35.625,-65.1,562150.5733801,4
163098,2017/11/19 00:00:00,I.oxyrinchus,2017/11/19 00:00:00,-4915.84288305166,35.375,-64.875,595409.87869736,3
163098,2017/11/21 00:00:00,I.oxyrinchus,2017/11/21 00:00:00,-5018.2716015625,34.625,-64.625,681240.034870998,3
163098,2017/11/22 00:00:00,I.oxyrinchus,2017/11/22 00:00:00,-5032.63474609375,34.625,-64.875,673195.110727998,5
163098,2017/11/23 00:00:00,I.oxyrinchus,2017/11/23 00:00:00,-5032.63474609375,34.625,-64.875,673195.110727998,5
163098,2017/11/24 00:00:00,I.oxyrinchus,2017/11/24 00:00:00,-5041.11888908617,34.375,-65.15,691532.788092972,5
163098,2017/11/25 00:00:00,I.oxyrinchus,2017/11/25 00:00:00,-5014.91701543899,34.125,-65.375,712418.124505018,5
163098,2017/11/26 00:00:00,I.oxyrinchus,2017/11/26 00:00:00,-4980.56589471726,33.825,-65.625,738158.745198549,5
163098,2017/11/27 00:00:00,I.oxyrinchus,2017/11/27 00:00:00,-4881.7196270978,33.35,-65.875,781631.523333539,5
163098,2017/11/28 00:00:00,I.oxyrinchus,2017/11/28 00:00:00,-4795.34176698023,32.875,-65.875,832430.050224811,4
163098,2017/11/29 00:00:00,I.oxyrinchus,2017/11/29 00:00:00,-4841.55728515625,32.4,-65.9,882811.263915231,4
163098,2017/11/30 00:00:00,I.oxyrinchus,2017/11/30 00:00:00,-4865.62962123326,32.125,-66.15,880150.033284976,3
163096,2017/12/01 00:00:00,I.oxyrinchus,2017/12/01 00:00:00,-4422.11999511719,38.9968938611032,-64.0775496541051,292746.972041452,1
163096,2017/12/02 00:00:00,I.oxyrinchus,2017/12/02 00:00:00,-4871.41259765625,39.1708741594696,-64.9370376985176,226382.276727166,1
163096,2017/12/03 00:00:00,I.oxyrinchus,2017/12/03 00:00:00,-4355.91552734375,39.570921118499,-65.6155407300948,154735.357541973,1
163096,2017/12/04 00:00:00,I.oxyrinchus,2017/12/04 00:00:00,-4267.955078125,39.6692902062453,-65.7703557816583,137828.867307936,1
163096,2017/12/05 00:00:00,I.oxyrinchus,2017/12/05 00:00:00,-3562.11999511719,40.0890321975823,-66.2034552200469,78307.2406017528,1
163096,2017/12/06 00:00:00,I.oxyrinchus,2017/12/06 00:00:00,-3728.60888671875,40.202665883882,-65.87823363141,88590.6018568028,2
163096,2017/12/07 00:00:00,I.oxyrinchus,2017/12/07 00:00:00,-3770.4921875,40.7230244800957,-65.2183934265638,93246.5624700153,1
163096,2017/12/08 00:00:00,I.oxyrinchus,2017/12/08 00:00:00,-3959.63413492839,40.8827855062416,-64.648283461003,121140.610421515,2
163096,2017/12/10 00:00:00,I.oxyrinchus,2017/12/10 00:00:00,-4571.65426753384,39.6136852241745,-64.8864719788017,195052.226060186,2
163096,2017/12/12 00:00:00,I.oxyrinchus,2017/12/12 00:00:00,-4090.39001464844,39.9211492661373,-65.7453097161495,118019.823989675,2
163096,2017/12/13 00:00:00,I.oxyrinchus,2017/12/13 00:00:00,-3973.33222113715,40.5483304040801,-65.2200847602836,107905.417600648,2
163096,2017/12/14 00:00:00,I.oxyrinchus,2017/12/14 00:00:00,-4451.37724833586,40.1436590486163,-64.8636845920748,158057.666968557,2
163096,2017/12/15 00:00:00,I.oxyrinchus,2017/12/15 00:00:00,-4902.52416992188,39.1849519802068,-64.6041131705143,245243.810650307,1
163096,2017/12/17 00:00:00,I.oxyrinchus,2017/12/17 00:00:00,-5055.8294406467,37.5363286250742,-63.5819441835902,441782.838029441,4
163096,2017/12/18 00:00:00,I.oxyrinchus,2017/12/18 00:00:00,-5021.05260742188,37.1531138189955,-63.0608240757655,503819.197516395,4
163096,2017/12/20 00:00:00,I.oxyrinchus,2017/12/20 00:00:00,-4999.76496438419,36.5271861333116,-62.4484941561865,592178.540314505,4
163096,2017/12/22 00:00:00,I.oxyrinchus,2017/12/22 00:00:00,-4928.85260463746,35.4086533126277,-62.5080724439724,690074.972825846,4
163096,2017/12/24 00:00:00,I.oxyrinchus,2017/12/24 00:00:00,-4767.87762790256,34.2640152338947,-62.6864163866613,790823.989928239,4
163096,2017/12/25 00:00:00,I.oxyrinchus,2017/12/25 00:00:00,-4149.05586751302,33.9457074633338,-62.5113326172464,829592.957821731,4
163096,2017/12/26 00:00:00,I.oxyrinchus,2017/12/26 00:00:00,-4783.25484375,33.8519564257075,-63.4226836571974,802798.039500422,4
163096,2017/12/27 00:00:00,I.oxyrinchus,2017/12/27 00:00:00,-4618.75186157227,33.3204860581452,-64.071560636036,834653.564925123,4
163096,2017/12/29 00:00:00,I.oxyrinchus,2017/12/29 00:00:00,-4349.41249593099,31.9155774610327,-64.2353751001771,977324.821014473,4
163096,2017/12/30 00:00:00,I.oxyrinchus,2017/12/30 00:00:00,-4429.39234241541,31.2813737906088,-64.4312540092142,1039922.56443429,4
163096,2017/12/31 00:00:00,I.oxyrinchus,2017/12/31 00:00:00,-4708.58222130409,30.6862443505024,-64.6275609636189,1084870.09893619,2
163098,2017/12/01 00:00:00,I.oxyrinchus,2017/12/01 00:00:00,-4935.55040825738,31.775,-66.65,857524.276882011,3
163098,2017/12/02 00:00:00,I.oxyrinchus,2017/12/02 00:00:00,-5080.70000348772,31.625,-67.4,805655.143403523,3
163098,2017/12/03 00:00:00,I.oxyrinchus,2017/12/03 00:00:00,-5168.68257533482,31.875,-67.875,752812.635714973,3
163098,2017/12/04 00:00:00,I.oxyrinchus,2017/12/04 00:00:00,-5228.45542689732,31.875,-68.375,713498.424060341,3
163098,2017/12/06 00:00:00,I.oxyrinchus,2017/12/06 00:00:00,-5271.81681702629,32.125,-68.9,656940.459146794,3
163098,2017/12/08 00:00:00,I.oxyrinchus,2017/12/08 00:00:00,-5372.15801478795,32.375,-69.65,583308.696682411,4
163098,2017/12/09 00:00:00,I.oxyrinchus,2017/12/09 00:00:00,-5416.34486219618,32.4,-70.125,545186.73341065,5
163098,2017/12/11 00:00:00,I.oxyrinchus,2017/12/11 00:00:00,-5382.17396104601,33.6,-69.95,488931.142448688,5
163098,2017/12/12 00:00:00,I.oxyrinchus,2017/12/12 00:00:00,-5365.66643759645,33.9,-69.875,481535.570946934,4
163098,2017/12/13 00:00:00,I.oxyrinchus,2017/12/13 00:00:00,-5240.15521632858,34.5,-69.8,466925.159153909,2
163098,2017/12/14 00:00:00,I.oxyrinchus,2017/12/14 00:00:00,-5012.96916375411,35.05,-69.75,458691.082760445,4
163098,2017/12/15 00:00:00,I.oxyrinchus,2017/12/15 00:00:00,-4805.71356241064,35.375,-69.925,438933.957797481,5
163098,2017/12/16 00:00:00,I.oxyrinchus,2017/12/16 00:00:00,-4560.98792182075,35.75,-70.1,410991.901494385,5
163098,2017/12/17 00:00:00,I.oxyrinchus,2017/12/17 00:00:00,-4493.27621331736,36.175,-70.05,380837.958222862,4
163098,2017/12/18 00:00:00,I.oxyrinchus,2017/12/18 00:00:00,-4426.04481090199,36.625,-70.075,341061.895331131,5
163098,2017/12/19 00:00:00,I.oxyrinchus,2017/12/19 00:00:00,-4330.95201868444,37.2,-69.6,293452.181538511,4
163098,2017/12/20 00:00:00,I.oxyrinchus,2017/12/20 00:00:00,-4207.87537125517,37.9,-68.8,225987.307967031,2
163098,2017/12/21 00:00:00,I.oxyrinchus,2017/12/21 00:00:00,-4458.81344010711,38.375,-67.375,210145.033871218,5
163098,2017/12/22 00:00:00,I.oxyrinchus,2017/12/22 00:00:00,-4734.95281871449,38.675,-65.625,235134.492854681,2
163098,2017/12/23 00:00:00,I.oxyrinchus,2017/12/23 00:00:00,-4367.82609419389,39.625,-65.35,165195.649356463,4
163096,2018/01/04 00:00:00,I.oxyrinchus,2018/01/04 00:00:00,-5149.79106987847,28.6707512664717,-65.3145235859144,975821.088508588,4
163096,2018/01/05 00:00:00,I.oxyrinchus,2018/01/05 00:00:00,-5241.66505714699,28.38542763881,-65.8835857668767,917210.074688879,4
163096,2018/01/07 00:00:00,I.oxyrinchus,2018/01/07 00:00:00,-5109.48790466707,27.3686676294368,-66.9336043787997,765679.879777943,4
163096,2018/01/08 00:00:00,I.oxyrinchus,2018/01/08 00:00:00,-5179.12275149498,26.966536772184,-67.4235994681672,701837.407223263,4
163096,2018/01/09 00:00:00,I.oxyrinchus,2018/01/09 00:00:00,-5286.73392159598,26.9687268177947,-67.909657219903,677103.156113724,4
163096,2018/01/11 00:00:00,I.oxyrinchus,2018/01/11 00:00:00,-5349.95050274884,26.9434111343376,-68.9532978309891,621271.422421456,4
163096,2018/01/12 00:00:00,I.oxyrinchus,2018/01/12 00:00:00,-5320.2900390625,27.4888379117353,-69.229898818919,631299.026991696,4
163096,2018/01/13 00:00:00,I.oxyrinchus,2018/01/13 00:00:00,-5343.13998413086,28.314113763823,-68.9917195042353,703383.195734723,4
163096,2018/01/14 00:00:00,I.oxyrinchus,2018/01/14 00:00:00,-5290.91003417969,28.6693655676304,-68.932886599335,732612.898475843,4
163096,2018/01/15 00:00:00,I.oxyrinchus,2018/01/15 00:00:00,-5237.41947741386,29.4948309958323,-68.7679774591891,784763.57673496,4
163096,2018/01/16 00:00:00,I.oxyrinchus,2018/01/16 00:00:00,-5257.93973253038,30.145328424849,-68.8526661363675,773509.254734215,4
163096,2018/01/17 00:00:00,I.oxyrinchus,2018/01/17 00:00:00,-5282.65031620976,30.6525452610746,-69.0737485750324,733397.196933164,4
163096,2018/01/18 00:00:00,I.oxyrinchus,2018/01/18 00:00:00,-5311.27793537734,31.0928759508799,-69.3125451077471,689452.420991566,4
163096,2018/01/19 00:00:00,I.oxyrinchus,2018/01/19 00:00:00,-5359.56133377454,31.5410731790843,-69.4503760670749,653877.553405596,4
163096,2018/01/20 00:00:00,I.oxyrinchus,2018/01/20 00:00:00,-5346.3391796875,32.0627293119116,-69.379404956872,624058.352408562,4
163096,2018/01/21 00:00:00,I.oxyrinchus,2018/01/21 00:00:00,-5311.37311662946,32.6029796875689,-69.1925233789255,604713.744404074,4
163096,2018/01/22 00:00:00,I.oxyrinchus,2018/01/22 00:00:00,-5277.84181175547,33.0931472553019,-69.0085480782272,592555.625185929,4
163096,2018/01/23 00:00:00,I.oxyrinchus,2018/01/23 00:00:00,-5094.11102488484,33.5385187239562,-68.8092559679059,588137.827417343,4
163096,2018/01/24 00:00:00,I.oxyrinchus,2018/01/24 00:00:00,-4915.89429506823,33.9450099738558,-68.5738770789581,592738.438292122,4
163096,2018/01/28 00:00:00,I.oxyrinchus,2018/01/28 00:00:00,-4650.74724928428,35.2957531878151,-66.85609435683,549691.412259618,4
163096,2018/01/29 00:00:00,I.oxyrinchus,2018/01/29 00:00:00,-4755.22713256967,35.5920633409007,-66.1287320396958,536929.332599174,4
163096,2018/01/31 00:00:00,I.oxyrinchus,2018/01/31 00:00:00,-4984.92744442916,36.1721702878559,-64.1711176584798,540667.482253088,4
206771,2021/10/17 00:00:00,I.oxyrinchus,2021/10/17 00:00:00,-4761.5577078683,38.375,-65.65,263319.843409572,1
206771,2021/10/23 00:00:00,I.oxyrinchus,2021/10/23 00:00:00,-5017.1751999628,39.125,-62.875,360229.039217682,4
206771,2021/10/26 00:00:00,I.oxyrinchus,2021/10/26 00:00:00,-4979.76684957837,39.375,-63.375,310081.126113901,4
206771,2021/11/07 00:00:00,I.oxyrinchus,2021/11/07 00:00:00,-4810.57281784784,40.225,-62.35,281099.328288337,2
206771,2021/11/10 00:00:00,I.oxyrinchus,2021/11/10 00:00:00,-4827.4668535095,40.075,-62.7,296581.681465651,4
