fid,cat,ptt,Date,species,kode,bathy,cluster,distance
"1","1",141254,2015/10/31 00:00:00,P.glauca,2015-10-31_141254,-1301.14715844357,1,"6891"
"2","2",141256,2015/10/27 00:00:00,P.glauca,2015-10-27_141256,-1421.83380526588,2,"11682"
"3","3",141256,2015/10/28 00:00:00,P.glauca,2015-10-28_141256,-3298.13989257812,2,"81966"
"4","4",141256,2015/10/30 00:00:00,P.glauca,2015-10-30_141256,-3597.31506347656,1,"128075"
"5","5",141256,2015/10/31 00:00:00,P.glauca,2015-10-31_141256,-2943.84497070312,2,"71911"
"6","6",141257,2015/10/30 00:00:00,I.oxyrinchus,2015-10-30_141257,-4526.54334852431,1,"224794"
"7","7",141257,2015/10/31 00:00:00,I.oxyrinchus,2015-10-31_141257,-4520.22330729167,1,"214995"
"8","8",141259,2015/10/27 00:00:00,P.glauca,2015-10-27_141259,-3345.17993164062,2,"115207"
"9","9",141259,2015/10/28 00:00:00,P.glauca,2015-10-28_141259,-3125.80993652344,2,"121813"
"10","10",141259,2015/10/30 00:00:00,P.glauca,2015-10-30_141259,-4703.7099609375,1,"263543"
"11","11",141259,2015/10/31 00:00:00,P.glauca,2015-10-31_141259,-4802.240234375,2,"289543"
"12","12",141254,2015/11/01 00:00:00,P.glauca,2015-11-01_141254,-1675.22976079636,1,"26698"
"13","13",141254,2015/11/02 00:00:00,P.glauca,2015-11-02_141254,-2437.30114048549,2,"48321"
"14","14",141254,2015/11/03 00:00:00,P.glauca,2015-11-03_141254,-1969.76618892496,2,"37107"
"15","15",141254,2015/11/04 00:00:00,P.glauca,2015-11-04_141254,-2091.96569982752,2,"35907"
"16","16",141254,2015/11/05 00:00:00,P.glauca,2015-11-05_141254,-2449.03796958923,1,"61276"
"17","17",141254,2015/11/06 00:00:00,P.glauca,2015-11-06_141254,-2496.12692746249,1,"64950"
"18","18",141254,2015/11/07 00:00:00,P.glauca,2015-11-07_141254,-2529.5941526735,2,"68596"
"19","19",141254,2015/11/08 00:00:00,P.glauca,2015-11-08_141254,-2502.41184828017,2,"69250"
"20","20",141254,2015/11/09 00:00:00,P.glauca,2015-11-09_141254,-2592.6985849708,2,"80358"
"21","21",141254,2015/11/11 00:00:00,P.glauca,2015-11-11_141254,-3263.78648071289,2,"180045"
"22","22",141254,2015/11/12 00:00:00,P.glauca,2015-11-12_141254,-3507.30048828125,2,"216834"
"23","23",141254,2015/11/14 00:00:00,P.glauca,2015-11-14_141254,-3642.52727994052,2,"218698"
"24","24",141254,2015/11/15 00:00:00,P.glauca,2015-11-15_141254,-4100.72888937114,2,"282967"
"25","25",141254,2015/11/19 00:00:00,P.glauca,2015-11-19_141254,-4380.8665537208,2,"181187"
"26","26",141254,2015/11/20 00:00:00,P.glauca,2015-11-20_141254,-4499.23835227273,2,"199402"
"27","27",141254,2015/11/21 00:00:00,P.glauca,2015-11-21_141254,-4457.17108832465,2,"207338"
"28","28",141254,2015/11/24 00:00:00,P.glauca,2015-11-24_141254,-3226.68873620412,2,"64333"
"29","29",141254,2015/11/25 00:00:00,P.glauca,2015-11-25_141254,-3747.5550101144,2,"96037"
"30","30",141254,2015/11/27 00:00:00,P.glauca,2015-11-27_141254,-4289.54786125062,2,"142050"
"31","31",141254,2015/11/28 00:00:00,P.glauca,2015-11-28_141254,-2834.32767536527,2,"56180"
"32","32",141254,2015/11/29 00:00:00,P.glauca,2015-11-29_141254,-4180.46660922973,2,"131629"
"33","33",141254,2015/11/30 00:00:00,P.glauca,2015-11-30_141254,-3887.2196877504,2,"112710"
"34","34",141256,2015/11/03 00:00:00,P.glauca,2015-11-03_141256,-1344.57225206163,2,"9483"
"35","35",141256,2015/11/04 00:00:00,P.glauca,2015-11-04_141256,-3163.47831217448,2,"82569"
"36","36",141256,2015/11/05 00:00:00,P.glauca,2015-11-05_141256,-3568.57006835938,2,"135301"
"37","37",141256,2015/11/06 00:00:00,P.glauca,2015-11-06_141256,-3053.6298828125,2,"95244"
"38","38",141256,2015/11/09 00:00:00,P.glauca,2015-11-09_141256,-2681.28002929688,2,"105464"
"39","39",141256,2015/11/10 00:00:00,P.glauca,2015-11-10_141256,-2896.75,2,"147107"
"40","40",141256,2015/11/11 00:00:00,P.glauca,2015-11-11_141256,-2852.61010742188,2,"115102"
"41","41",141256,2015/11/14 00:00:00,P.glauca,2015-11-14_141256,-2973.580078125,3,"138309"
"42","42",141256,2015/11/17 00:00:00,P.glauca,2015-11-17_141256,-3889.29992675781,2,"253367"
"43","43",141256,2015/11/18 00:00:00,P.glauca,2015-11-18_141256,-4062.08508300781,2,"296044"
"44","44",141256,2015/11/21 00:00:00,P.glauca,2015-11-21_141256,-4473.5849609375,2,"220425"
"45","45",141256,2015/11/23 00:00:00,P.glauca,2015-11-23_141256,-4604.59008789062,4,"256458"
"46","46",141256,2015/11/25 00:00:00,P.glauca,2015-11-25_141256,-5059.2900390625,4,"515864"
"47","47",141256,2015/11/28 00:00:00,P.glauca,2015-11-28_141256,-5108.01257324219,5,"393510"
"48","48",141257,2015/11/04 00:00:00,I.oxyrinchus,2015-11-04_141257,-4318.91837565104,1,"192919"
"49","49",141257,2015/11/06 00:00:00,I.oxyrinchus,2015-11-06_141257,-4397.81506347656,1,"208467"
"50","50",141257,2015/11/08 00:00:00,I.oxyrinchus,2015-11-08_141257,-4432.85668945312,1,"210716"
"51","51",141257,2015/11/09 00:00:00,I.oxyrinchus,2015-11-09_141257,-4467.78002929688,1,"209790"
"52","52",141257,2015/11/10 00:00:00,I.oxyrinchus,2015-11-10_141257,-4736.03002929688,1,"245966"
"53","53",141257,2015/11/11 00:00:00,I.oxyrinchus,2015-11-11_141257,-4726.22439236111,2,"216934"
"54","54",141257,2015/11/12 00:00:00,I.oxyrinchus,2015-11-12_141257,-4588.89990234375,1,"203970"
"55","55",141257,2015/11/13 00:00:00,I.oxyrinchus,2015-11-13_141257,-4789.34747314453,1,"237263"
"56","56",141257,2015/11/14 00:00:00,I.oxyrinchus,2015-11-14_141257,-4882.85009765625,1,"250215"
"57","57",141257,2015/11/15 00:00:00,I.oxyrinchus,2015-11-15_141257,-4795.05933159722,1,"229112"
"58","58",141257,2015/11/17 00:00:00,I.oxyrinchus,2015-11-17_141257,-4826.74255371094,1,"227287"
"59","59",141257,2015/11/19 00:00:00,I.oxyrinchus,2015-11-19_141257,-4375.044921875,2,"145780"
"60","60",141257,2015/11/20 00:00:00,I.oxyrinchus,2015-11-20_141257,-4433.02258300781,1,"152878"
"61","61",141257,2015/11/21 00:00:00,I.oxyrinchus,2015-11-21_141257,-4564,1,"165813"
"62","62",141257,2015/11/22 00:00:00,I.oxyrinchus,2015-11-22_141257,-4525.2998046875,1,"163427"
"63","63",141257,2015/11/25 00:00:00,I.oxyrinchus,2015-11-25_141257,-4370.89245605469,1,"146283"
"64","64",141259,2015/11/02 00:00:00,P.glauca,2015-11-02_141259,-4831.97021484375,2,"243316"
"65","65",141259,2015/11/03 00:00:00,P.glauca,2015-11-03_141259,-4569.60009765625,2,"171094"
"66","66",141259,2015/11/04 00:00:00,P.glauca,2015-11-04_141259,-4911.509765625,2,"251334"
"67","67",141259,2015/11/05 00:00:00,P.glauca,2015-11-05_141259,-5086.509765625,2,"382534"
"68","68",141259,2015/11/06 00:00:00,P.glauca,2015-11-06_141259,-5172.97021484375,2,"440565"
"69","69",141259,2015/11/08 00:00:00,P.glauca,2015-11-08_141259,-5096.64322916667,2,"468340"
"70","70",141259,2015/11/10 00:00:00,P.glauca,2015-11-10_141259,-5236.87670898438,1,"497430"
"71","71",141259,2015/11/11 00:00:00,P.glauca,2015-11-11_141259,-5318.21500651042,2,"463965"
"72","72",141259,2015/11/13 00:00:00,P.glauca,2015-11-13_141259,-5167.25,2,"309157"
"73","73",141259,2015/11/20 00:00:00,P.glauca,2015-11-20_141259,-3855.90991210938,2,"289340"
"74","74",141259,2015/11/25 00:00:00,P.glauca,2015-11-25_141259,-5077.81005859375,2,"362946"
"75","75",141254,2015/12/02 00:00:00,P.glauca,2015-12-02_141254,-3883.37892368862,1,"104069"
"76","76",141254,2015/12/03 00:00:00,P.glauca,2015-12-03_141254,-4146.13036431207,2,"125302"
"77","77",141254,2015/12/04 00:00:00,P.glauca,2015-12-04_141254,-4033.47131958008,2,"132729"
"78","78",141254,2015/12/05 00:00:00,P.glauca,2015-12-05_141254,-4076.31704711914,1,"136378"
"79","79",141254,2015/12/06 00:00:00,P.glauca,2015-12-06_141254,-4019.78223595252,1,"165680"
"80","80",141254,2015/12/07 00:00:00,P.glauca,2015-12-07_141254,-4377.52616003788,2,"247261"
"81","81",141254,2015/12/08 00:00:00,P.glauca,2015-12-08_141254,-4786.37613932292,2,"350366"
"82","82",141254,2015/12/09 00:00:00,P.glauca,2015-12-09_141254,-4887.43917064824,2,"362038"
"83","83",141254,2015/12/11 00:00:00,P.glauca,2015-12-11_141254,-4633.71721679687,2,"259309"
"84","84",141254,2015/12/12 00:00:00,P.glauca,2015-12-12_141254,-4824.31521883878,2,"266385"
"85","85",141254,2015/12/13 00:00:00,P.glauca,2015-12-13_141254,-4728.6156435366,2,"327342"
"86","86",141254,2015/12/14 00:00:00,P.glauca,2015-12-14_141254,-4684.4425116645,2,"395246"
"87","87",141254,2015/12/15 00:00:00,P.glauca,2015-12-15_141254,-4519.34742126465,2,"448883"
"88","88",141254,2015/12/16 00:00:00,P.glauca,2015-12-16_141254,-5051.40105731671,2,"467438"
"89","89",141254,2015/12/17 00:00:00,P.glauca,2015-12-17_141254,-4873.10831366645,2,"476531"
"90","90",141254,2015/12/18 00:00:00,P.glauca,2015-12-18_141254,-5128.33249733665,2,"491804"
"91","91",141254,2015/12/23 00:00:00,P.glauca,2015-12-23_141254,-5136.47509765625,2,"410973"
"92","92",141254,2015/12/27 00:00:00,P.glauca,2015-12-27_141254,-4921.55209960937,2,"263421"
"93","93",141254,2015/12/28 00:00:00,P.glauca,2015-12-28_141254,-5055.67733001709,2,"339259"
"94","94",141254,2015/12/29 00:00:00,P.glauca,2015-12-29_141254,-5173.14665965545,2,"440177"
"95","95",141254,2015/12/31 00:00:00,P.glauca,2015-12-31_141254,-5225.08826293945,2,"530974"
"96","96",141256,2015/12/03 00:00:00,P.glauca,2015-12-03_141256,-4539.81005859375,5,"123321"
"97","97",141256,2015/12/04 00:00:00,P.glauca,2015-12-04_141256,-4572.7998046875,4,"82381"
"98","98",141256,2015/12/05 00:00:00,P.glauca,2015-12-05_141256,-4623.14013671875,5,"120068"
"99","99",141256,2015/12/08 00:00:00,P.glauca,2015-12-08_141256,-4975.8798828125,5,"248309"
"100","100",141256,2015/12/09 00:00:00,P.glauca,2015-12-09_141256,-4837.3701171875,5,"280117"
"101","101",141256,2015/12/10 00:00:00,P.glauca,2015-12-10_141256,-4995.98494466146,5,"335402"
"102","102",141256,2015/12/12 00:00:00,P.glauca,2015-12-12_141256,-5004.27978515625,5,"432041"
"103","103",141256,2015/12/13 00:00:00,P.glauca,2015-12-13_141256,-5102.43994140625,5,"474026"
"104","104",141256,2015/12/15 00:00:00,P.glauca,2015-12-15_141256,-5322.259765625,1,"528138"
"105","105",141256,2015/12/17 00:00:00,P.glauca,2015-12-17_141256,-5039.5498046875,5,"570250"
"106","106",141256,2015/12/21 00:00:00,P.glauca,2015-12-21_141256,-5501.6298828125,4,"752846"
"107","107",141256,2015/12/22 00:00:00,P.glauca,2015-12-22_141256,-5100.16015625,4,"811552"
"108","108",141256,2015/12/24 00:00:00,P.glauca,2015-12-24_141256,-5583.7900390625,4,"748441"
"109","109",141256,2015/12/27 00:00:00,P.glauca,2015-12-27_141256,-5462.39333767361,4,"637580"
"110","110",141256,2015/12/31 00:00:00,P.glauca,2015-12-31_141256,-5206.7099609375,4,"707339"
"111","111",141257,2015/12/04 00:00:00,I.oxyrinchus,2015-12-04_141257,-4371.57883029514,1,"152138"
"112","112",141257,2015/12/08 00:00:00,I.oxyrinchus,2015-12-08_141257,-5036.07996961806,5,"411766"
"113","113",141257,2015/12/09 00:00:00,I.oxyrinchus,2015-12-09_141257,-5004.52802734375,5,"467533"
"114","114",141257,2015/12/12 00:00:00,I.oxyrinchus,2015-12-12_141257,-4901.05696278234,5,"584185"
"115","115",141257,2015/12/13 00:00:00,I.oxyrinchus,2015-12-13_141257,-5046.4081995347,5,"637139"
"116","116",141257,2015/12/14 00:00:00,I.oxyrinchus,2015-12-14_141257,-5066.54728660899,5,"690057"
"117","117",141257,2015/12/15 00:00:00,I.oxyrinchus,2015-12-15_141257,-4888.98698849953,5,"738258"
"118","118",141257,2015/12/16 00:00:00,I.oxyrinchus,2015-12-16_141257,-4891.8080506517,5,"736063"
"119","119",141257,2015/12/17 00:00:00,I.oxyrinchus,2015-12-17_141257,-4888.44009779778,5,"732005"
"120","120",141257,2015/12/18 00:00:00,I.oxyrinchus,2015-12-18_141257,-4890.84230511924,5,"730345"
"121","121",141257,2015/12/19 00:00:00,I.oxyrinchus,2015-12-19_141257,-4890.45712725847,5,"731370"
"122","122",141257,2015/12/20 00:00:00,I.oxyrinchus,2015-12-20_141257,-4892.4594155336,5,"731704"
"123","123",141257,2015/12/21 00:00:00,I.oxyrinchus,2015-12-21_141257,-4868.00077449914,5,"645649"
"124","124",141257,2015/12/22 00:00:00,I.oxyrinchus,2015-12-22_141257,-4736.24211814187,5,"520110"
"125","125",141257,2015/12/24 00:00:00,I.oxyrinchus,2015-12-24_141257,-4989.8701171875,4,"351497"
"126","126",141257,2015/12/25 00:00:00,I.oxyrinchus,2015-12-25_141257,-4934.82676866319,4,"278979"
"127","127",141257,2015/12/26 00:00:00,I.oxyrinchus,2015-12-26_141257,-4740.0048828125,4,"205001"
"128","128",141257,2015/12/28 00:00:00,I.oxyrinchus,2015-12-28_141257,-3847.44865993924,5,"117186"
"129","129",141259,2015/12/04 00:00:00,P.glauca,2015-12-04_141259,-3785.6298828125,2,"311523"
"130","130",141259,2015/12/05 00:00:00,P.glauca,2015-12-05_141259,-4182.86010742188,2,"341406"
"131","131",141259,2015/12/06 00:00:00,P.glauca,2015-12-06_141259,-5398.9599609375,2,"404838"
"132","132",141259,2015/12/08 00:00:00,P.glauca,2015-12-08_141259,-5410.35986328125,2,"482887"
"133","133",141259,2015/12/10 00:00:00,P.glauca,2015-12-10_141259,-5374.91015625,2,"577644"
"134","134",141259,2015/12/11 00:00:00,P.glauca,2015-12-11_141259,-5297.31982421875,2,"644062"
"135","135",141259,2015/12/13 00:00:00,P.glauca,2015-12-13_141259,-5202.81005859375,4,"778581"
"136","136",141259,2015/12/14 00:00:00,P.glauca,2015-12-14_141259,-5065.10986328125,3,"852276"
"137","137",141259,2015/12/15 00:00:00,P.glauca,2015-12-15_141259,-5146.97021484375,3,"924106"
"138","138",141259,2015/12/16 00:00:00,P.glauca,2015-12-16_141259,-5024.84008789062,3,"984851"
"139","139",141259,2015/12/17 00:00:00,P.glauca,2015-12-17_141259,-4755.25,4,"1055837"
"140","140",141259,2015/12/19 00:00:00,P.glauca,2015-12-19_141259,-4841.06005859375,4,"1212945"
"141","141",141259,2015/12/24 00:00:00,P.glauca,2015-12-24_141259,-4088.9150390625,4,"1461404"
"142","142",141259,2015/12/26 00:00:00,P.glauca,2015-12-26_141259,-4313.78002929688,4,"1571461"
"143","143",141254,2016/01/01 00:00:00,P.glauca,2016-01-01_141254,-5232.94777560764,5,"539052"
"144","144",141254,2016/01/02 00:00:00,P.glauca,2016-01-02_141254,-5226.33000202922,5,"558777"
"145","145",141254,2016/01/03 00:00:00,P.glauca,2016-01-03_141254,-5236.73529052734,5,"581831"
"146","146",141254,2016/01/04 00:00:00,P.glauca,2016-01-04_141254,-5224.80072354403,5,"561717"
"147","147",141254,2016/01/05 00:00:00,P.glauca,2016-01-05_141254,-5187.18883338341,2,"518606"
"148","148",141254,2016/01/06 00:00:00,P.glauca,2016-01-06_141254,-5185.40192522321,5,"488514"
"149","149",141254,2016/01/07 00:00:00,P.glauca,2016-01-07_141254,-5160.30343191964,5,"441009"
"150","150",141254,2016/01/08 00:00:00,P.glauca,2016-01-08_141254,-5135.39501953125,5,"406335"
"151","151",141254,2016/01/09 00:00:00,P.glauca,2016-01-09_141254,-5078.99351045005,5,"356129"
"152","152",141254,2016/01/10 00:00:00,P.glauca,2016-01-10_141254,-5049.21140485491,2,"335314"
"153","153",141254,2016/01/11 00:00:00,P.glauca,2016-01-11_141254,-5003.69181019176,2,"313837"
"154","154",141254,2016/01/12 00:00:00,P.glauca,2016-01-12_141254,-5005.39479631696,2,"313671"
"155","155",141254,2016/01/13 00:00:00,P.glauca,2016-01-13_141254,-5166.68938301282,2,"429851"
"156","156",141254,2016/01/15 00:00:00,P.glauca,2016-01-15_141254,-5237.05917019314,2,"620045"
"157","157",141254,2016/01/17 00:00:00,P.glauca,2016-01-17_141254,-5284.811328125,2,"756580"
"158","158",141254,2016/01/18 00:00:00,P.glauca,2016-01-18_141254,-5284.63356711648,3,"764046"
"159","159",141254,2016/01/19 00:00:00,P.glauca,2016-01-19_141254,-5283.75518217541,1,"772523"
"160","160",141254,2016/01/20 00:00:00,P.glauca,2016-01-20_141254,-5295.30181430785,2,"816177"
"161","161",141254,2016/01/21 00:00:00,P.glauca,2016-01-21_141254,-5323.84215198864,1,"854464"
"162","162",141254,2016/01/23 00:00:00,P.glauca,2016-01-23_141254,-5337.51705911276,2,"873060"
"163","163",141254,2016/01/26 00:00:00,P.glauca,2016-01-26_141254,-5362.52955729167,2,"823997"
"164","164",141254,2016/01/28 00:00:00,P.glauca,2016-01-28_141254,-5307.85221771501,2,"685488"
"165","165",141254,2016/01/30 00:00:00,P.glauca,2016-01-30_141254,-5236.83140136719,2,"535235"
"166","166",141254,2016/01/31 00:00:00,P.glauca,2016-01-31_141254,-5221.69699707031,3,"531684"
"167","167",141256,2016/01/04 00:00:00,P.glauca,2016-01-04_141256,-5304.625,4,"625363"
"168","168",141256,2016/01/05 00:00:00,P.glauca,2016-01-05_141256,-5241.2099609375,1,"613627"
"169","169",141256,2016/01/06 00:00:00,P.glauca,2016-01-06_141256,-5262.35009765625,5,"618333"
"170","170",141256,2016/01/09 00:00:00,P.glauca,2016-01-09_141256,-5324.30447048611,5,"602753"
"171","171",141256,2016/01/10 00:00:00,P.glauca,2016-01-10_141256,-5364.25244140625,5,"633285"
"172","172",141256,2016/01/11 00:00:00,P.glauca,2016-01-11_141256,-5376.35498046875,1,"642684"
"173","173",141256,2016/01/12 00:00:00,P.glauca,2016-01-12_141256,-5440.330078125,1,"649036"
"174","174",141256,2016/01/14 00:00:00,P.glauca,2016-01-14_141256,-5434.37512207031,5,"648185"
"175","175",141256,2016/01/16 00:00:00,P.glauca,2016-01-16_141256,-5427.8798828125,1,"587404"
"176","176",141256,2016/01/17 00:00:00,P.glauca,2016-01-17_141256,-5420.47497558594,5,"568675"
"177","177",141256,2016/01/20 00:00:00,P.glauca,2016-01-20_141256,-5005.23486328125,1,"509907"
"178","178",141256,2016/01/22 00:00:00,P.glauca,2016-01-22_141256,-4927.01882595486,4,"487257"
"179","179",141256,2016/01/24 00:00:00,P.glauca,2016-01-24_141256,-4758.2099609375,1,"421951"
"180","180",141256,2016/01/25 00:00:00,P.glauca,2016-01-25_141256,-4710.43994140625,1,"387680"
"181","181",141256,2016/01/26 00:00:00,P.glauca,2016-01-26_141256,-4646.64990234375,1,"351777"
"182","182",141256,2016/01/27 00:00:00,P.glauca,2016-01-27_141256,-4625.97485351562,1,"345682"
"183","183",141256,2016/01/29 00:00:00,P.glauca,2016-01-29_141256,-4721.990234375,1,"378475"
"184","184",141257,2016/01/02 00:00:00,I.oxyrinchus,2016-01-02_141257,-1471.23708027204,2,"6204"
"185","185",141257,2016/01/17 00:00:00,I.oxyrinchus,2016-01-17_141257,-1454.58996582031,2,"4629"
"186","186",141257,2016/01/19 00:00:00,I.oxyrinchus,2016-01-19_141257,-2067.3701171875,2,"32301"
"187","187",141257,2016/01/20 00:00:00,I.oxyrinchus,2016-01-20_141257,-1966.13247680664,2,"27157"
"188","188",141257,2016/01/22 00:00:00,I.oxyrinchus,2016-01-22_141257,-1051.48248291016,1,"3357"
"189","189",141259,2016/01/09 00:00:00,P.glauca,2016-01-09_141259,-4021.71990966797,5,"1779849"
"190","190",141259,2016/01/10 00:00:00,P.glauca,2016-01-10_141259,-4401.740234375,5,"1721137"
"191","191",141259,2016/01/13 00:00:00,P.glauca,2016-01-13_141259,-4639.26489257812,5,"1601517"
"192","192",141259,2016/01/14 00:00:00,P.glauca,2016-01-14_141259,-4815.89127604167,5,"1543041"
"193","193",141259,2016/01/15 00:00:00,P.glauca,2016-01-15_141259,-4903.75348455256,4,"1492308"
"194","194",141259,2016/01/19 00:00:00,P.glauca,2016-01-19_141259,-4662.98510742188,5,"1394086"
"195","195",141259,2016/01/21 00:00:00,P.glauca,2016-01-21_141259,-4878.8798828125,5,"1373871"
"196","196",141259,2016/01/23 00:00:00,P.glauca,2016-01-23_141259,-5591.05981445312,5,"1353421"
"197","197",141254,2016/02/02 00:00:00,P.glauca,2016-02-02_141254,-5231.93393787202,3,"535040"
"198","198",141254,2016/02/03 00:00:00,P.glauca,2016-02-03_141254,-5264.70969742064,3,"607913"
"199","199",141254,2016/02/04 00:00:00,P.glauca,2016-02-04_141254,-5288.43570115831,3,"638691"
"200","200",141256,2016/02/01 00:00:00,P.glauca,2016-02-01_141256,-4917.85986328125,3,"455814"
"201","201",141256,2016/02/02 00:00:00,P.glauca,2016-02-02_141256,-4800.22998046875,1,"471048"
"202","202",141256,2016/02/04 00:00:00,P.glauca,2016-02-04_141256,-4802.49837239583,5,"464342"
"203","203",141256,2016/02/06 00:00:00,P.glauca,2016-02-06_141256,-4992.86336263021,1,"482887"
"204","204",141256,2016/02/07 00:00:00,P.glauca,2016-02-07_141256,-5340.35009765625,5,"491146"
"205","205",141256,2016/02/08 00:00:00,P.glauca,2016-02-08_141256,-5417.77001953125,5,"540337"
"206","206",141256,2016/02/09 00:00:00,P.glauca,2016-02-09_141256,-5426.19482421875,2,"576738"
"207","207",141256,2016/02/11 00:00:00,P.glauca,2016-02-11_141256,-5357.70606780249,5,"561087"
"208","208",141256,2016/02/13 00:00:00,P.glauca,2016-02-13_141256,-5190.01126195791,5,"560577"
"209","209",141256,2016/02/16 00:00:00,P.glauca,2016-02-16_141256,-4939.93488735335,5,"595108"
"210","210",141256,2016/02/21 00:00:00,P.glauca,2016-02-21_141256,-5217.72908925677,5,"644153"
"211","211",141257,2016/02/02 00:00:00,I.oxyrinchus,2016-02-02_141257,-1227.68606796687,1,"3756"
"212","212",141257,2016/02/12 00:00:00,I.oxyrinchus,2016-02-12_141257,-1815.49310736223,1,"23916"
"213","213",141257,2016/02/17 00:00:00,I.oxyrinchus,2016-02-17_141257,-1783.87037981881,2,"32635"
"214","214",141257,2016/02/19 00:00:00,I.oxyrinchus,2016-02-19_141257,-1451.28915574906,2,"10188"
"215","215",141257,2016/02/22 00:00:00,I.oxyrinchus,2016-02-22_141257,-1326.48285661425,1,"8728"
"216","216",141257,2016/02/24 00:00:00,I.oxyrinchus,2016-02-24_141257,-2807.84997558594,4,"87327"
"217","217",141257,2016/02/26 00:00:00,I.oxyrinchus,2016-02-26_141257,-1818.34552674627,2,"48389"
"218","218",141257,2016/02/27 00:00:00,I.oxyrinchus,2016-02-27_141257,-1130.03634991316,2,"7689"
"219","219",141259,2016/02/03 00:00:00,P.glauca,2016-02-03_141259,-5571.43017578125,4,"786202"
"220","220",141259,2016/02/09 00:00:00,P.glauca,2016-02-09_141259,-5206.490234375,3,"338364"
"221","221",141259,2016/02/11 00:00:00,P.glauca,2016-02-11_141259,-4211.81494140625,3,"280397"
"222","222",141259,2016/02/12 00:00:00,P.glauca,2016-02-12_141259,-3791.57995605469,3,"263963"
"223","223",141259,2016/02/14 00:00:00,P.glauca,2016-02-14_141259,-4164.76000976562,3,"333406"
"224","224",141259,2016/02/16 00:00:00,P.glauca,2016-02-16_141259,-4343.43001302083,3,"406186"
"225","225",141259,2016/02/17 00:00:00,P.glauca,2016-02-17_141259,-4105.47352294922,3,"414028"
"226","226",141259,2016/02/18 00:00:00,P.glauca,2016-02-18_141259,-4254.90494791667,3,"463016"
"227","227",141259,2016/02/23 00:00:00,P.glauca,2016-02-23_141259,-4716.78328450521,3,"382114"
"228","228",141259,2016/02/24 00:00:00,P.glauca,2016-02-24_141259,-4792.70751953125,4,"349188"
"229","229",141259,2016/02/26 00:00:00,P.glauca,2016-02-26_141259,-4138.52661132812,3,"208076"
"230","230",141257,2016/03/02 00:00:00,I.oxyrinchus,2016-03-02_141257,-2694.61010742188,1,"72996"
"231","231",141257,2016/03/03 00:00:00,I.oxyrinchus,2016-03-03_141257,-2815.61010742188,1,"87149"
"232","232",141257,2016/03/08 00:00:00,I.oxyrinchus,2016-03-08_141257,-1926.25,5,"30052"
"233","233",141257,2016/03/11 00:00:00,I.oxyrinchus,2016-03-11_141257,-2183.65991210938,5,"35908"
"234","234",141257,2016/03/13 00:00:00,I.oxyrinchus,2016-03-13_141257,-1605.07995605469,1,"10724"
"235","235",141257,2016/03/16 00:00:00,I.oxyrinchus,2016-03-16_141257,-1911.90002441406,4,"16213"
"236","236",141257,2016/03/26 00:00:00,I.oxyrinchus,2016-03-26_141257,-1719.61015442439,4,"29381"
"237","237",141257,2016/03/30 00:00:00,I.oxyrinchus,2016-03-30_141257,-2658.13989257812,5,"72791"
"238","238",141257,2016/03/31 00:00:00,I.oxyrinchus,2016-03-31_141257,-2732.56005859375,4,"84152"
"239","239",141259,2016/03/19 00:00:00,P.glauca,2016-03-19_141259,-4700.5877875434,4,"648641"
"240","240",141259,2016/03/23 00:00:00,P.glauca,2016-03-23_141259,-4789.70990728022,4,"606117"
"241","241",141259,2016/03/24 00:00:00,P.glauca,2016-03-24_141259,-4763.92006835938,3,"613628"
"242","242",141259,2016/03/28 00:00:00,P.glauca,2016-03-28_141259,-4527.53980712891,2,"453341"
"243","243",141259,2016/03/29 00:00:00,P.glauca,2016-03-29_141259,-4502.48516644488,4,"449062"
"244","244",141259,2016/03/30 00:00:00,P.glauca,2016-03-30_141259,-4566.9443359375,2,"465183"
"245","245",141257,2016/04/03 00:00:00,I.oxyrinchus,2016-04-03_141257,-3142.52001953125,1,"134319"
"246","246",141257,2016/04/04 00:00:00,I.oxyrinchus,2016-04-04_141257,-3491.02001953125,1,"194235"
"247","247",141257,2016/04/05 00:00:00,I.oxyrinchus,2016-04-05_141257,-3995.18354724702,5,"272718"
"248","248",141257,2016/04/08 00:00:00,I.oxyrinchus,2016-04-08_141257,-4219.25651886769,5,"345803"
"249","249",141257,2016/04/10 00:00:00,I.oxyrinchus,2016-04-10_141257,-3706.76796545604,5,"239143"
"250","250",141259,2016/04/01 00:00:00,P.glauca,2016-04-01_141259,-4817.18001302083,4,"502874"
"251","251",141259,2016/04/04 00:00:00,P.glauca,2016-04-04_141259,-3922.88250732422,2,"368325"
"252","252",141259,2016/04/07 00:00:00,P.glauca,2016-04-07_141259,-4348.72910039993,2,"334126"
"253","253",133016,2016/09/22 00:00:00,P.glauca,2016-09-22_133016,-3361.67992873419,2,"114397"
"254","254",133016,2016/09/26 00:00:00,P.glauca,2016-09-26_133016,-2974.52503001035,2,"80119"
"255","255",133016,2016/09/27 00:00:00,P.glauca,2016-09-27_133016,-2746.0768895633,2,"64414"
"256","256",133016,2016/09/29 00:00:00,P.glauca,2016-09-29_133016,-2219.69743777212,3,"44823"
"257","257",133021,2016/09/14 00:00:00,P.glauca,2016-09-14_133021,-2168.53002929688,2,"41596"
"258","258",133021,2016/09/15 00:00:00,P.glauca,2016-09-15_133021,-3579.10009765625,2,"109302"
"259","259",133021,2016/09/16 00:00:00,P.glauca,2016-09-16_133021,-4519.67120361328,4,"182568"
"260","260",133021,2016/09/17 00:00:00,P.glauca,2016-09-17_133021,-4778.2998046875,4,"211900"
"261","261",133021,2016/09/18 00:00:00,P.glauca,2016-09-18_133021,-4486.08251953125,1,"169151"
"262","262",133021,2016/09/19 00:00:00,P.glauca,2016-09-19_133021,-4334.02669270833,1,"152664"
"263","263",133021,2016/09/20 00:00:00,P.glauca,2016-09-20_133021,-4067.55110677083,1,"156948"
"264","264",133021,2016/09/22 00:00:00,P.glauca,2016-09-22_133021,-2683.25,2,"34579"
"265","265",133021,2016/09/23 00:00:00,P.glauca,2016-09-23_133021,-2391.54504394531,2,"17642"
"266","266",133021,2016/09/25 00:00:00,P.glauca,2016-09-25_133021,-3317.63500976562,3,"99681"
"267","267",133021,2016/09/28 00:00:00,P.glauca,2016-09-28_133021,-3575.81994628906,2,"122901"
"268","268",133021,2016/09/30 00:00:00,P.glauca,2016-09-30_133021,-3632.99249267578,2,"105142"
"269","269",141247,2016/09/11 00:00:00,P.glauca,2016-09-11_141247,-2058.38751220703,5,"14765"
"270","270",141247,2016/09/12 00:00:00,P.glauca,2016-09-12_141247,-3618.88989257812,2,"99391"
"271","271",141247,2016/09/13 00:00:00,P.glauca,2016-09-13_141247,-3771.96997070312,2,"164833"
"272","272",141247,2016/09/14 00:00:00,P.glauca,2016-09-14_141247,-3876.73999023438,2,"184044"
"273","273",141247,2016/09/15 00:00:00,P.glauca,2016-09-15_141247,-4500.7998046875,2,"241966"
"274","274",141247,2016/09/16 00:00:00,P.glauca,2016-09-16_141247,-4707.169921875,2,"275254"
"275","275",141247,2016/09/17 00:00:00,P.glauca,2016-09-17_141247,-4747.26501464844,2,"275367"
"276","276",141247,2016/09/18 00:00:00,P.glauca,2016-09-18_141247,-4530.10986328125,2,"173383"
"277","277",141247,2016/09/19 00:00:00,P.glauca,2016-09-19_141247,-4206.55004882812,2,"115421"
"278","278",141247,2016/09/20 00:00:00,P.glauca,2016-09-20_141247,-4209.83829752604,2,"123446"
"279","279",141247,2016/09/21 00:00:00,P.glauca,2016-09-21_141247,-4634.20825195312,2,"185289"
"280","280",141247,2016/09/22 00:00:00,P.glauca,2016-09-22_141247,-4731.8076171875,2,"214815"
"281","281",141247,2016/09/23 00:00:00,P.glauca,2016-09-23_141247,-4620.01999511719,2,"241334"
"282","282",141247,2016/09/24 00:00:00,P.glauca,2016-09-24_141247,-4098.41015625,2,"254300"
"283","283",141247,2016/09/25 00:00:00,P.glauca,2016-09-25_141247,-4296.26334635417,4,"274193"
"284","284",141247,2016/09/26 00:00:00,P.glauca,2016-09-26_141247,-4516.35498046875,2,"274084"
"285","285",141247,2016/09/27 00:00:00,P.glauca,2016-09-27_141247,-4277.67993164062,2,"201283"
"286","286",141247,2016/09/28 00:00:00,P.glauca,2016-09-28_141247,-3914.76776801215,2,"155887"
"287","287",141247,2016/09/29 00:00:00,P.glauca,2016-09-29_141247,-3891.71834309896,2,"163124"
"288","288",141247,2016/09/30 00:00:00,P.glauca,2016-09-30_141247,-3935.88500976562,2,"143156"
"289","289",141255,2016/09/18 00:00:00,P.glauca,2016-09-18_141255,-2215.60565185547,1,"18196"
"290","290",141255,2016/09/20 00:00:00,P.glauca,2016-09-20_141255,-1010.87498474121,1,"1710"
"291","291",141255,2016/09/23 00:00:00,P.glauca,2016-09-23_141255,-2723.14990234375,2,"30413"
"292","292",154096,2016/09/08 00:00:00,P.glauca,2016-09-08_154096,-2788.94995117188,2,"48508"
"293","293",154096,2016/09/09 00:00:00,P.glauca,2016-09-09_154096,-3618.88989257812,2,"96902"
"294","294",154096,2016/09/10 00:00:00,P.glauca,2016-09-10_154096,-4174.21020507812,2,"129532"
"295","295",154096,2016/09/11 00:00:00,P.glauca,2016-09-11_154096,-4028.99249267578,2,"116264"
"296","296",133016,2016/10/30 00:00:00,P.glauca,2016-10-30_133016,-4832.94357348245,5,"425411"
"297","297",133016,2016/10/31 00:00:00,P.glauca,2016-10-31_133016,-4724.05806706746,5,"523771"
"298","298",133017,2016/10/17 00:00:00,P.glauca,2016-10-17_133017,-4736.10009765625,2,"283950"
"299","299",133017,2016/10/21 00:00:00,P.glauca,2016-10-21_133017,-4607.009765625,2,"180636"
"300","300",133017,2016/10/25 00:00:00,P.glauca,2016-10-25_133017,-4615.58740234375,2,"187216"
"301","301",133017,2016/10/30 00:00:00,P.glauca,2016-10-30_133017,-4748.60443793403,2,"351681"
"302","302",133017,2016/10/31 00:00:00,P.glauca,2016-10-31_133017,-4581.4723828125,2,"319064"
"303","303",133018,2016/10/03 00:00:00,P.glauca,2016-10-03_133018,-1450.41003417969,2,"539"
"304","304",133018,2016/10/05 00:00:00,P.glauca,2016-10-05_133018,-2353.3063703805,2,"45368"
"305","305",133018,2016/10/07 00:00:00,P.glauca,2016-10-07_133018,-3167.19995117188,1,"69386"
"306","306",133018,2016/10/08 00:00:00,P.glauca,2016-10-08_133018,-4114.76739501953,2,"137620"
"307","307",133018,2016/10/09 00:00:00,P.glauca,2016-10-09_133018,-4274.40002441406,2,"180055"
"308","308",133018,2016/10/10 00:00:00,P.glauca,2016-10-10_133018,-4508,2,"233647"
"309","309",133018,2016/10/11 00:00:00,P.glauca,2016-10-11_133018,-4615.1413269043,4,"257650"
"310","310",133018,2016/10/12 00:00:00,P.glauca,2016-10-12_133018,-4625.7971875,5,"231444"
"311","311",133018,2016/10/13 00:00:00,P.glauca,2016-10-13_133018,-4909.99971516927,5,"296846"
"312","312",133018,2016/10/15 00:00:00,P.glauca,2016-10-15_133018,-5035.69199371338,5,"603892"
"313","313",133018,2016/10/16 00:00:00,P.glauca,2016-10-16_133018,-4950.06209679806,5,"626775"
"314","314",133018,2016/10/18 00:00:00,P.glauca,2016-10-18_133018,-4945.21789550781,5,"479890"
"315","315",133018,2016/10/19 00:00:00,P.glauca,2016-10-19_133018,-5049.67947048611,5,"430247"
"316","316",133018,2016/10/20 00:00:00,P.glauca,2016-10-20_133018,-5021.0155859375,4,"388274"
"317","317",133018,2016/10/23 00:00:00,P.glauca,2016-10-23_133018,-4400.39404296875,5,"293221"
"318","318",133018,2016/10/24 00:00:00,P.glauca,2016-10-24_133018,-4675.06982421875,5,"286648"
"319","319",133018,2016/10/27 00:00:00,P.glauca,2016-10-27_133018,-5115.56982421875,4,"362609"
"320","320",133018,2016/10/28 00:00:00,P.glauca,2016-10-28_133018,-5447.580078125,4,"431386"
"321","321",133018,2016/10/29 00:00:00,P.glauca,2016-10-29_133018,-5518.63444010417,4,"498862"
"322","322",133018,2016/10/30 00:00:00,P.glauca,2016-10-30_133018,-5491.48670789931,4,"596167"
"323","323",133018,2016/10/31 00:00:00,P.glauca,2016-10-31_133018,-5715.80037144252,4,"656474"
"324","324",133021,2016/10/01 00:00:00,P.glauca,2016-10-01_133021,-3543.43499755859,3,"113424"
"325","325",133021,2016/10/03 00:00:00,P.glauca,2016-10-03_133021,-3506.4599609375,4,"114606"
"326","326",133021,2016/10/04 00:00:00,P.glauca,2016-10-04_133021,-3644.40002441406,3,"119806"
"327","327",133021,2016/10/05 00:00:00,P.glauca,2016-10-05_133021,-4154.00512695312,3,"163561"
"328","328",133021,2016/10/07 00:00:00,P.glauca,2016-10-07_133021,-4716.52001953125,2,"214109"
"329","329",133021,2016/10/11 00:00:00,P.glauca,2016-10-11_133021,-3530.03753662109,2,"200634"
"330","330",133021,2016/10/16 00:00:00,P.glauca,2016-10-16_133021,-2840.46997070312,4,"45132"
"331","331",133021,2016/10/17 00:00:00,P.glauca,2016-10-17_133021,-3374.14361328125,3,"79704"
"332","332",133021,2016/10/18 00:00:00,P.glauca,2016-10-18_133021,-3732.67993164062,2,"107049"
"333","333",133021,2016/10/22 00:00:00,P.glauca,2016-10-22_133021,-4761.10197753906,3,"209485"
"334","334",133021,2016/10/23 00:00:00,P.glauca,2016-10-23_133021,-4750.18994140625,3,"207590"
"335","335",133021,2016/10/24 00:00:00,P.glauca,2016-10-24_133021,-4822.33508300781,2,"223803"
"336","336",133021,2016/10/29 00:00:00,P.glauca,2016-10-29_133021,-4743.52978515625,2,"212743"
"337","337",133021,2016/10/30 00:00:00,P.glauca,2016-10-30_133021,-4837.81994628906,3,"234129"
"338","338",133021,2016/10/31 00:00:00,P.glauca,2016-10-31_133021,-4885.71723090278,2,"260232"
"339","339",141255,2016/10/08 00:00:00,P.glauca,2016-10-08_141255,-2496.3525390625,2,"22850"
"340","340",141255,2016/10/11 00:00:00,P.glauca,2016-10-11_141255,-2735.32006835938,2,"29501"
"341","341",141255,2016/10/15 00:00:00,P.glauca,2016-10-15_141255,-3180.18994140625,4,"78711"
"342","342",141255,2016/10/22 00:00:00,P.glauca,2016-10-22_141255,-4093.89990234375,4,"129726"
"343","343",141255,2016/10/23 00:00:00,P.glauca,2016-10-23_141255,-4411.3798828125,3,"179310"
"344","344",141255,2016/10/25 00:00:00,P.glauca,2016-10-25_141255,-4955.0234375,5,"390468"
"345","345",141255,2016/10/29 00:00:00,P.glauca,2016-10-29_141255,-4717.39013671875,5,"495914"
"346","346",141255,2016/10/30 00:00:00,P.glauca,2016-10-30_141255,-5052.43679470486,5,"524552"
"347","347",141255,2016/10/31 00:00:00,P.glauca,2016-10-31_141255,-5049.625,5,"582714"
"348","348",106754,2016/11/01 00:00:00,P.glauca,2016-11-01_106754,-2144.48999023438,2,"22860"
"349","349",106754,2016/11/02 00:00:00,P.glauca,2016-11-02_106754,-2415.80000813802,2,"57399"
"350","350",106754,2016/11/03 00:00:00,P.glauca,2016-11-03_106754,-2557.32719726562,2,"65381"
"351","351",106754,2016/11/05 00:00:00,P.glauca,2016-11-05_106754,-2137.0483601888,2,"26988"
"352","352",106754,2016/11/08 00:00:00,P.glauca,2016-11-08_106754,-1072.78002929688,2,"272"
"353","353",106754,2016/11/10 00:00:00,P.glauca,2016-11-10_106754,-1013.40997314453,2,"987"
"354","354",106754,2016/11/13 00:00:00,P.glauca,2016-11-13_106754,-1692.35998535156,2,"15655"
"355","355",106754,2016/11/14 00:00:00,P.glauca,2016-11-14_106754,-2195.05004882812,2,"26668"
"356","356",106754,2016/11/15 00:00:00,P.glauca,2016-11-15_106754,-2493.60498046875,2,"43886"
"357","357",106754,2016/11/18 00:00:00,P.glauca,2016-11-18_106754,-2413.14990234375,5,"31510"
"358","358",106754,2016/11/21 00:00:00,P.glauca,2016-11-21_106754,-1687.31415049235,2,"18762"
"359","359",106754,2016/11/22 00:00:00,P.glauca,2016-11-22_106754,-1400.43333604601,2,"7076"
"360","360",106754,2016/11/23 00:00:00,P.glauca,2016-11-23_106754,-1059.0625,2,"1580"
"361","361",106754,2016/11/25 00:00:00,P.glauca,2016-11-25_106754,-1277.65598983765,2,"8414"
"362","362",106754,2016/11/26 00:00:00,P.glauca,2016-11-26_106754,-1482.98248291016,2,"17458"
"363","363",106754,2016/11/27 00:00:00,P.glauca,2016-11-27_106754,-1842.43005371094,2,"32060"
"364","364",106754,2016/11/28 00:00:00,P.glauca,2016-11-28_106754,-1714.50250244141,1,"15326"
"365","365",106754,2016/11/29 00:00:00,P.glauca,2016-11-29_106754,-1385.21332804362,5,"5512"
"366","366",106754,2016/11/30 00:00:00,P.glauca,2016-11-30_106754,-2568.169921875,2,"55952"
"367","367",133016,2016/11/02 00:00:00,P.glauca,2016-11-02_133016,-4899.24583217076,1,"619530"
"368","368",133016,2016/11/05 00:00:00,P.glauca,2016-11-05_133016,-5245.07452876984,1,"590012"
"369","369",133017,2016/11/01 00:00:00,P.glauca,2016-11-01_133017,-4690.25251464844,2,"273181"
"370","370",133017,2016/11/02 00:00:00,P.glauca,2016-11-02_133017,-4812.54955078125,2,"249951"
"371","371",133017,2016/11/03 00:00:00,P.glauca,2016-11-03_133017,-4836.72998046875,2,"218036"
"372","372",133017,2016/11/24 00:00:00,P.glauca,2016-11-24_133017,-4426.5498046875,3,"299226"
"373","373",133017,2016/11/25 00:00:00,P.glauca,2016-11-25_133017,-4692.97021484375,2,"329238"
"374","374",133017,2016/11/28 00:00:00,P.glauca,2016-11-28_133017,-4969.2099609375,2,"334884"
"375","375",133017,2016/11/29 00:00:00,P.glauca,2016-11-29_133017,-5098.8701171875,2,"351963"
"376","376",133018,2016/11/01 00:00:00,P.glauca,2016-11-01_133018,-5831.76358032227,5,"697221"
"377","377",133018,2016/11/03 00:00:00,P.glauca,2016-11-03_133018,-6170.35986328125,5,"816789"
"378","378",133018,2016/11/04 00:00:00,P.glauca,2016-11-04_133018,-6088.12496948242,4,"890126"
"379","379",133018,2016/11/05 00:00:00,P.glauca,2016-11-05_133018,-5422.56005859375,4,"960051"
"380","380",133018,2016/11/06 00:00:00,P.glauca,2016-11-06_133018,-5899.2236328125,4,"1026639"
"381","381",133018,2016/11/07 00:00:00,P.glauca,2016-11-07_133018,-5848.63989257812,4,"998053"
"382","382",133018,2016/11/08 00:00:00,P.glauca,2016-11-08_133018,-5847.7900390625,4,"912726"
"383","383",133018,2016/11/09 00:00:00,P.glauca,2016-11-09_133018,-5909.65502929688,4,"832323"
"384","384",133018,2016/11/11 00:00:00,P.glauca,2016-11-11_133018,-5738.84558105469,4,"683940"
"385","385",133018,2016/11/12 00:00:00,P.glauca,2016-11-12_133018,-5498.76669921875,4,"615481"
"386","386",133018,2016/11/13 00:00:00,P.glauca,2016-11-13_133018,-5293.06005859375,4,"554007"
"387","387",133018,2016/11/14 00:00:00,P.glauca,2016-11-14_133018,-5348.52490234375,4,"493100"
"388","388",133018,2016/11/16 00:00:00,P.glauca,2016-11-16_133018,-5143.40588378906,4,"375102"
"389","389",133018,2016/11/17 00:00:00,P.glauca,2016-11-17_133018,-5634.13244628906,4,"341348"
"390","390",133018,2016/11/18 00:00:00,P.glauca,2016-11-18_133018,-5596.06005859375,4,"315894"
"391","391",133018,2016/11/21 00:00:00,P.glauca,2016-11-21_133018,-4976.88488769531,4,"227401"
"392","392",133018,2016/11/24 00:00:00,P.glauca,2016-11-24_133018,-4383.89524042039,4,"229978"
"393","393",133018,2016/11/29 00:00:00,P.glauca,2016-11-29_133018,-3617.49354815483,4,"172124"
"394","394",133021,2016/11/02 00:00:00,P.glauca,2016-11-02_133021,-5002.72330729167,2,"367257"
"395","395",133021,2016/11/04 00:00:00,P.glauca,2016-11-04_133021,-5020.82983398438,4,"457196"
"396","396",133021,2016/11/05 00:00:00,P.glauca,2016-11-05_133021,-5056.57779947917,3,"422475"
"397","397",133021,2016/11/10 00:00:00,P.glauca,2016-11-10_133021,-4732.4501953125,2,"250823"
"398","398",133021,2016/11/11 00:00:00,P.glauca,2016-11-11_133021,-4827.32112027392,2,"254923"
"399","399",133021,2016/11/13 00:00:00,P.glauca,2016-11-13_133021,-4811.569140625,3,"217580"
"400","400",133021,2016/11/16 00:00:00,P.glauca,2016-11-16_133021,-4579.15867513021,3,"184466"
"401","401",133021,2016/11/18 00:00:00,P.glauca,2016-11-18_133021,-4676.36431884766,2,"198008"
"402","402",133021,2016/11/21 00:00:00,P.glauca,2016-11-21_133021,-3848.70745849609,2,"92216"
"403","403",133021,2016/11/22 00:00:00,P.glauca,2016-11-22_133021,-3158.5088941786,2,"60527"
"404","404",133021,2016/11/23 00:00:00,P.glauca,2016-11-23_133021,-3268.73190673828,2,"67736"
"405","405",133021,2016/11/26 00:00:00,P.glauca,2016-11-26_133021,-4402.060078125,2,"144314"
"406","406",133021,2016/11/28 00:00:00,P.glauca,2016-11-28_133021,-4479.07006835938,2,"149746"
"407","407",133021,2016/11/30 00:00:00,P.glauca,2016-11-30_133021,-4753.32099609375,2,"197094"
"408","408",141255,2016/11/01 00:00:00,P.glauca,2016-11-01_141255,-5038.23990885417,5,"601238"
"409","409",141255,2016/11/03 00:00:00,P.glauca,2016-11-03_141255,-5013.43017578125,5,"595186"
"410","410",141255,2016/11/04 00:00:00,P.glauca,2016-11-04_141255,-5063.28824869792,5,"608839"
"411","411",141255,2016/11/05 00:00:00,P.glauca,2016-11-05_141255,-4954.65169270833,5,"649498"
"412","412",141255,2016/11/06 00:00:00,P.glauca,2016-11-06_141255,-4891.79888237847,5,"633641"
"413","413",141255,2016/11/07 00:00:00,P.glauca,2016-11-07_141255,-4987.919921875,5,"604955"
"414","414",141255,2016/11/09 00:00:00,P.glauca,2016-11-09_141255,-4991.56494140625,5,"600864"
"415","415",141255,2016/11/10 00:00:00,P.glauca,2016-11-10_141255,-4936.84985351562,5,"594896"
"416","416",141255,2016/11/15 00:00:00,P.glauca,2016-11-15_141255,-5002.0862121582,5,"539726"
"417","417",141255,2016/11/16 00:00:00,P.glauca,2016-11-16_141255,-4991.60986328125,5,"526256"
"418","418",141255,2016/11/20 00:00:00,P.glauca,2016-11-20_141255,-4894.1298828125,5,"384990"
"419","419",141255,2016/11/22 00:00:00,P.glauca,2016-11-22_141255,-5115.86499023438,1,"283546"
"420","420",141255,2016/11/27 00:00:00,P.glauca,2016-11-27_141255,-5203.85986328125,5,"261710"
"421","421",141255,2016/11/28 00:00:00,P.glauca,2016-11-28_141255,-5204.93994140625,5,"259360"
"422","422",163097,2016/11/01 00:00:00,P.glauca,2016-11-01_163097,-1283.34579146992,2,"2275"
"423","423",163097,2016/11/03 00:00:00,P.glauca,2016-11-03_163097,-1993.62733450996,1,"19419"
"424","424",163097,2016/11/10 00:00:00,P.glauca,2016-11-10_163097,-1791.79771030971,2,"17403"
"425","425",163097,2016/11/11 00:00:00,P.glauca,2016-11-11_163097,-2112.2576379776,1,"29957"
"426","426",163097,2016/11/14 00:00:00,P.glauca,2016-11-14_163097,-1795.85307292938,2,"32398"
"427","427",163097,2016/11/19 00:00:00,P.glauca,2016-11-19_163097,-2138.510617733,2,"35856"
"428","428",163097,2016/11/26 00:00:00,P.glauca,2016-11-26_163097,-3848.81763696915,2,"259476"
"429","429",163097,2016/11/27 00:00:00,P.glauca,2016-11-27_163097,-4020.18452148438,2,"288280"
"430","430",163097,2016/11/30 00:00:00,P.glauca,2016-11-30_163097,-4712.11637581169,2,"342210"
"431","431",106754,2016/12/01 00:00:00,P.glauca,2016-12-01_106754,-2684,2,"70630"
"432","432",106754,2016/12/02 00:00:00,P.glauca,2016-12-02_106754,-2614.330078125,2,"68533"
"433","433",106754,2016/12/04 00:00:00,P.glauca,2016-12-04_106754,-2410.61010742188,2,"58306"
"434","434",106754,2016/12/05 00:00:00,P.glauca,2016-12-05_106754,-1609.34997558594,2,"10671"
"435","435",106754,2016/12/06 00:00:00,P.glauca,2016-12-06_106754,-2225.76000976562,2,"36667"
"436","436",106754,2016/12/07 00:00:00,P.glauca,2016-12-07_106754,-2326.90991210938,3,"49286"
"437","437",106754,2016/12/09 00:00:00,P.glauca,2016-12-09_106754,-2941.68994140625,2,"123590"
"438","438",106754,2016/12/10 00:00:00,P.glauca,2016-12-10_106754,-3245.80004882812,2,"155341"
"439","439",106754,2016/12/11 00:00:00,P.glauca,2016-12-11_106754,-3344.7900390625,2,"183195"
"440","440",106754,2016/12/13 00:00:00,P.glauca,2016-12-13_106754,-3802.44995117188,2,"230430"
"441","441",106754,2016/12/15 00:00:00,P.glauca,2016-12-15_106754,-3794.38989257812,2,"208719"
"442","442",106754,2016/12/16 00:00:00,P.glauca,2016-12-16_106754,-4159.68155924479,4,"285168"
"443","443",106754,2016/12/17 00:00:00,P.glauca,2016-12-17_106754,-4259.01497395833,2,"257774"
"444","444",106754,2016/12/18 00:00:00,P.glauca,2016-12-18_106754,-4821.7900390625,5,"319926"
"445","445",106754,2016/12/20 00:00:00,P.glauca,2016-12-20_106754,-4998.97835286458,5,"426499"
"446","446",106754,2016/12/21 00:00:00,P.glauca,2016-12-21_106754,-5000.33064778646,5,"478269"
"447","447",106754,2016/12/22 00:00:00,P.glauca,2016-12-22_106754,-4927.3614327567,5,"543301"
"448","448",106754,2016/12/23 00:00:00,P.glauca,2016-12-23_106754,-5039.94490559896,1,"558844"
"449","449",106754,2016/12/25 00:00:00,P.glauca,2016-12-25_106754,-4853.18994140625,5,"468605"
"450","450",106754,2016/12/26 00:00:00,P.glauca,2016-12-26_106754,-4613.33984375,5,"446953"
"451","451",106754,2016/12/28 00:00:00,P.glauca,2016-12-28_106754,-4716.08251953125,5,"406535"
"452","452",106754,2016/12/31 00:00:00,P.glauca,2016-12-31_106754,-4964.7099609375,5,"441081"
"453","453",133016,2016/12/02 00:00:00,P.glauca,2016-12-02_133016,-5143.34954427083,5,"408309"
"454","454",133016,2016/12/06 00:00:00,P.glauca,2016-12-06_133016,-5054.5030670166,2,"453130"
"455","455",133016,2016/12/07 00:00:00,P.glauca,2016-12-07_133016,-4971.04582868304,2,"419720"
"456","456",133016,2016/12/10 00:00:00,P.glauca,2016-12-10_133016,-4896.05710255016,2,"292510"
"457","457",133016,2016/12/14 00:00:00,P.glauca,2016-12-14_133016,-4902.8897412618,4,"272310"
"458","458",133016,2016/12/19 00:00:00,P.glauca,2016-12-19_133016,-4805.39594511144,2,"271839"
"459","459",133017,2016/12/03 00:00:00,P.glauca,2016-12-03_133017,-5241.11079915365,2,"542458"
"460","460",133017,2016/12/06 00:00:00,P.glauca,2016-12-06_133017,-5227.81005859375,2,"563470"
"461","461",133017,2016/12/09 00:00:00,P.glauca,2016-12-09_133017,-5137.68505859375,2,"473034"
"462","462",133017,2016/12/10 00:00:00,P.glauca,2016-12-10_133017,-5206.919921875,2,"447606"
"463","463",133017,2016/12/15 00:00:00,P.glauca,2016-12-15_133017,-5229.60094633557,4,"539806"
"464","464",133018,2016/12/02 00:00:00,P.glauca,2016-12-02_133018,-4307.50218671634,4,"309510"
"465","465",133018,2016/12/03 00:00:00,P.glauca,2016-12-03_133018,-4311.06439208984,4,"330749"
"466","466",133018,2016/12/06 00:00:00,P.glauca,2016-12-06_133018,-4135.39833612673,4,"356884"
"467","467",133018,2016/12/07 00:00:00,P.glauca,2016-12-07_133018,-4219.90761178093,4,"357110"
"468","468",133018,2016/12/09 00:00:00,P.glauca,2016-12-09_133018,-4469.95753158758,2,"372156"
"469","469",133018,2016/12/10 00:00:00,P.glauca,2016-12-10_133018,-4511.15418601523,4,"378660"
"470","470",133018,2016/12/13 00:00:00,P.glauca,2016-12-13_133018,-4736.04488721306,2,"441838"
"471","471",133018,2016/12/14 00:00:00,P.glauca,2016-12-14_133018,-4803.6328125,4,"473840"
"472","472",133018,2016/12/15 00:00:00,P.glauca,2016-12-15_133018,-4821.10009765625,4,"498497"
"473","473",133018,2016/12/16 00:00:00,P.glauca,2016-12-16_133018,-4811.52755473573,4,"508886"
"474","474",133018,2016/12/17 00:00:00,P.glauca,2016-12-17_133018,-4833.17595563616,4,"507924"
"475","475",133018,2016/12/18 00:00:00,P.glauca,2016-12-18_133018,-4835.919921875,2,"503023"
"476","476",133018,2016/12/19 00:00:00,P.glauca,2016-12-19_133018,-4889.02912248884,4,"491773"
"477","477",133018,2016/12/20 00:00:00,P.glauca,2016-12-20_133018,-4874.81908671061,4,"471331"
"478","478",133018,2016/12/21 00:00:00,P.glauca,2016-12-21_133018,-4856.99606896755,2,"446720"
"479","479",133018,2016/12/24 00:00:00,P.glauca,2016-12-24_133018,-4796.3055920664,4,"382027"
"480","480",133018,2016/12/25 00:00:00,P.glauca,2016-12-25_133018,-4650.46503814325,4,"372171"
"481","481",133018,2016/12/27 00:00:00,P.glauca,2016-12-27_133018,-4378.16366314888,2,"365979"
"482","482",133018,2016/12/28 00:00:00,P.glauca,2016-12-28_133018,-4369.13818688464,3,"370607"
"483","483",133018,2016/12/29 00:00:00,P.glauca,2016-12-29_133018,-4443.68351478889,3,"379835"
"484","484",133021,2016/12/03 00:00:00,P.glauca,2016-12-03_133021,-4941.00023735894,2,"290924"
"485","485",133021,2016/12/04 00:00:00,P.glauca,2016-12-04_133021,-5005.5732421875,2,"311717"
"486","486",133021,2016/12/05 00:00:00,P.glauca,2016-12-05_133021,-5047.77001953125,2,"324376"
"487","487",133021,2016/12/06 00:00:00,P.glauca,2016-12-06_133021,-5056.7099609375,2,"349068"
"488","488",133021,2016/12/07 00:00:00,P.glauca,2016-12-07_133021,-5124,1,"388029"
"489","489",133021,2016/12/09 00:00:00,P.glauca,2016-12-09_133021,-5123.35009765625,2,"402083"
"490","490",133021,2016/12/10 00:00:00,P.glauca,2016-12-10_133021,-5071.02001953125,3,"418161"
"491","491",133021,2016/12/11 00:00:00,P.glauca,2016-12-11_133021,-4930.26416015625,2,"434524"
"492","492",133021,2016/12/12 00:00:00,P.glauca,2016-12-12_133021,-4894,2,"420376"
"493","493",133021,2016/12/16 00:00:00,P.glauca,2016-12-16_133021,-5108.06982421875,3,"440056"
"494","494",133021,2016/12/17 00:00:00,P.glauca,2016-12-17_133021,-4987.0375,2,"374885"
"495","495",133021,2016/12/18 00:00:00,P.glauca,2016-12-18_133021,-4861.59114583333,2,"364279"
"496","496",133021,2016/12/19 00:00:00,P.glauca,2016-12-19_133021,-4829.07332356771,2,"358882"
"497","497",133021,2016/12/20 00:00:00,P.glauca,2016-12-20_133021,-4762.84008789062,2,"381286"
"498","498",133021,2016/12/21 00:00:00,P.glauca,2016-12-21_133021,-4733.90999348958,2,"330582"
"499","499",133021,2016/12/22 00:00:00,P.glauca,2016-12-22_133021,-4692.36832682292,2,"258209"
"500","500",133021,2016/12/23 00:00:00,P.glauca,2016-12-23_133021,-4706.13254394531,2,"342317"
"501","501",133021,2016/12/24 00:00:00,P.glauca,2016-12-24_133021,-4816.85986328125,2,"364958"
"502","502",141255,2016/12/01 00:00:00,P.glauca,2016-12-01_141255,-5151.30004882812,2,"279635"
"503","503",141255,2016/12/02 00:00:00,P.glauca,2016-12-02_141255,-5182.02978515625,5,"314938"
"504","504",141255,2016/12/03 00:00:00,P.glauca,2016-12-03_141255,-5327.64013671875,5,"368697"
"505","505",141255,2016/12/04 00:00:00,P.glauca,2016-12-04_141255,-5369.30004882812,5,"426016"
"506","506",141255,2016/12/05 00:00:00,P.glauca,2016-12-05_141255,-5411.68017578125,5,"473786"
"507","507",141255,2016/12/07 00:00:00,P.glauca,2016-12-07_141255,-5391.21484375,1,"447182"
"508","508",141255,2016/12/09 00:00:00,P.glauca,2016-12-09_141255,-5316.08984375,1,"375568"
"509","509",141255,2016/12/10 00:00:00,P.glauca,2016-12-10_141255,-5301.30249023438,5,"360880"
"510","510",141255,2016/12/11 00:00:00,P.glauca,2016-12-11_141255,-5187.14990234375,1,"318255"
"511","511",141255,2016/12/12 00:00:00,P.glauca,2016-12-12_141255,-4848.97998046875,1,"246246"
"512","512",141255,2016/12/15 00:00:00,P.glauca,2016-12-15_141255,-3166.96149902344,5,"58296"
"513","513",141255,2016/12/16 00:00:00,P.glauca,2016-12-16_141255,-2825.1816813151,4,"35161"
"514","514",141255,2016/12/19 00:00:00,P.glauca,2016-12-19_141255,-3845.86165364583,1,"194902"
"515","515",141258,2016/12/28 00:00:00,P.glauca,2016-12-28_141258,-4534.03157552083,5,"284380"
"516","516",141258,2016/12/31 00:00:00,P.glauca,2016-12-31_141258,-4532.56982421875,2,"204629"
"517","517",163097,2016/12/02 00:00:00,P.glauca,2016-12-02_163097,-4807.3156539917,4,"336626"
"518","518",163097,2016/12/04 00:00:00,P.glauca,2016-12-04_163097,-4672.73823963512,5,"357802"
"519","519",163097,2016/12/06 00:00:00,P.glauca,2016-12-06_163097,-4781.60365656803,5,"499980"
"520","520",163097,2016/12/07 00:00:00,P.glauca,2016-12-07_163097,-5007.09677641369,5,"604922"
"521","521",163097,2016/12/08 00:00:00,P.glauca,2016-12-08_163097,-4963.28597647684,5,"615459"
"522","522",163097,2016/12/09 00:00:00,P.glauca,2016-12-09_163097,-4929.50777052107,5,"555968"
"523","523",163097,2016/12/11 00:00:00,P.glauca,2016-12-11_163097,-4765.62423706055,5,"396685"
"524","524",163097,2016/12/12 00:00:00,P.glauca,2016-12-12_163097,-4789.16995833039,5,"293129"
"525","525",163097,2016/12/13 00:00:00,P.glauca,2016-12-13_163097,-4849.53952955163,5,"218220"
"526","526",163097,2016/12/14 00:00:00,P.glauca,2016-12-14_163097,-4798.40233176491,4,"160495"
"527","527",163097,2016/12/18 00:00:00,P.glauca,2016-12-18_163097,-5156.36317397609,5,"265928"
"528","528",163097,2016/12/19 00:00:00,P.glauca,2016-12-19_163097,-5238.28637352331,5,"322078"
"529","529",163097,2016/12/20 00:00:00,P.glauca,2016-12-20_163097,-5128.13598632812,4,"254110"
"530","530",163097,2016/12/23 00:00:00,P.glauca,2016-12-23_163097,-5229.6778931042,5,"323437"
"531","531",163097,2016/12/24 00:00:00,P.glauca,2016-12-24_163097,-5209.95200195312,5,"303090"
"532","532",163097,2016/12/28 00:00:00,P.glauca,2016-12-28_163097,-5411.3357220818,5,"560845"
"533","533",163097,2016/12/29 00:00:00,P.glauca,2016-12-29_163097,-5406.66830351858,5,"506646"
"534","534",163097,2016/12/30 00:00:00,P.glauca,2016-12-30_163097,-5381.97996638371,5,"452153"
"535","535",163097,2016/12/31 00:00:00,P.glauca,2016-12-31_163097,-5345.69907924107,5,"411118"
"536","536",106754,2017/01/01 00:00:00,P.glauca,2017-01-01_106754,-4918.97599609375,5,"488366"
"537","537",106754,2017/01/03 00:00:00,P.glauca,2017-01-03_106754,-5183.1168682912,5,"569363"
"538","538",106754,2017/01/05 00:00:00,P.glauca,2017-01-05_106754,-5408.39477921619,5,"639386"
"539","539",106754,2017/01/06 00:00:00,P.glauca,2017-01-06_106754,-5473.51567267243,5,"672534"
"540","540",106754,2017/01/07 00:00:00,P.glauca,2017-01-07_106754,-5491.25412916101,5,"706052"
"541","541",106754,2017/01/08 00:00:00,P.glauca,2017-01-08_106754,-5496.77578610426,4,"740600"
"542","542",106754,2017/01/11 00:00:00,P.glauca,2017-01-11_106754,-5649.25333658854,4,"852633"
"543","543",106754,2017/01/13 00:00:00,P.glauca,2017-01-13_106754,-5915.97021484375,4,"934832"
"544","544",106754,2017/01/14 00:00:00,P.glauca,2017-01-14_106754,-5847.16015625,4,"980837"
"545","545",106754,2017/01/18 00:00:00,P.glauca,2017-01-18_106754,-5847.85009765625,4,"1219381"
"546","546",106754,2017/01/20 00:00:00,P.glauca,2017-01-20_106754,-6271.990234375,4,"1258505"
"547","547",106754,2017/01/21 00:00:00,P.glauca,2017-01-21_106754,-5300.5849609375,5,"1242025"
"548","548",106754,2017/01/23 00:00:00,P.glauca,2017-01-23_106754,-4904.07751464844,4,"1180486"
"549","549",106754,2017/01/24 00:00:00,P.glauca,2017-01-24_106754,-5413.00246582031,4,"1150649"
"550","550",106754,2017/01/25 00:00:00,P.glauca,2017-01-25_106754,-5460.95122612847,4,"1125001"
"551","551",106754,2017/01/26 00:00:00,P.glauca,2017-01-26_106754,-5385.44924519857,4,"1104489"
"552","552",106754,2017/01/29 00:00:00,P.glauca,2017-01-29_106754,-5027.6365280878,4,"1083036"
"553","553",106754,2017/01/30 00:00:00,P.glauca,2017-01-30_106754,-5035.47431399498,4,"1090350"
"554","554",106754,2017/01/31 00:00:00,P.glauca,2017-01-31_106754,-4777.77335611979,4,"1098297"
"555","555",133016,2017/01/02 00:00:00,P.glauca,2017-01-02_133016,-4984.65415385585,2,"311900"
"556","556",133016,2017/01/10 00:00:00,P.glauca,2017-01-10_133016,-5015.83671258224,3,"341586"
"557","557",133016,2017/01/15 00:00:00,P.glauca,2017-01-15_133016,-4992.01323769309,4,"304867"
"558","558",133016,2017/01/21 00:00:00,P.glauca,2017-01-21_133016,-4952.43370950633,2,"322840"
"559","559",133017,2017/01/01 00:00:00,P.glauca,2017-01-01_133017,-5294.99499511719,2,"613645"
"560","560",133017,2017/01/03 00:00:00,P.glauca,2017-01-03_133017,-5357.7900390625,4,"617679"
"561","561",133017,2017/01/06 00:00:00,P.glauca,2017-01-06_133017,-5372.41015625,4,"665903"
"562","562",133017,2017/01/07 00:00:00,P.glauca,2017-01-07_133017,-5362.66702473958,4,"680673"
"563","563",133017,2017/01/08 00:00:00,P.glauca,2017-01-08_133017,-5363.89001464844,4,"678649"
"564","564",133017,2017/01/13 00:00:00,P.glauca,2017-01-13_133017,-5351.2900390625,4,"798600"
"565","565",133017,2017/01/19 00:00:00,P.glauca,2017-01-19_133017,-5147.91015625,4,"507980"
"566","566",141255,2017/01/06 00:00:00,P.glauca,2017-01-06_141255,-4664.02001953125,1,"203125"
"567","567",141255,2017/01/07 00:00:00,P.glauca,2017-01-07_141255,-4787.21329752604,1,"224968"
"568","568",141255,2017/01/09 00:00:00,P.glauca,2017-01-09_141255,-4295.7998046875,1,"226340"
"569","569",141255,2017/01/11 00:00:00,P.glauca,2017-01-11_141255,-3024.61499023438,1,"149453"
"570","570",141255,2017/01/13 00:00:00,P.glauca,2017-01-13_141255,-3098.93994140625,1,"146558"
"571","571",141255,2017/01/14 00:00:00,P.glauca,2017-01-14_141255,-3272.1201171875,1,"138261"
"572","572",141255,2017/01/18 00:00:00,P.glauca,2017-01-18_141255,-4172.91015625,5,"123077"
"573","573",141258,2017/01/02 00:00:00,P.glauca,2017-01-02_141258,-4799.7001953125,5,"262581"
"574","574",141258,2017/01/05 00:00:00,P.glauca,2017-01-05_141258,-4966.90787086261,5,"492818"
"575","575",141258,2017/01/08 00:00:00,P.glauca,2017-01-08_141258,-4903.52498372396,5,"394540"
"576","576",141258,2017/01/12 00:00:00,P.glauca,2017-01-12_141258,-5259.69378255208,2,"344903"
"577","577",141258,2017/01/27 00:00:00,P.glauca,2017-01-27_141258,-4977.49584960938,5,"239261"
"578","578",141258,2017/01/29 00:00:00,P.glauca,2017-01-29_141258,-3929.6650390625,5,"140178"
"579","579",163097,2017/01/02 00:00:00,P.glauca,2017-01-02_163097,-5212.45268286538,5,"329707"
"580","580",163097,2017/01/06 00:00:00,P.glauca,2017-01-06_163097,-5106.90624917798,5,"295259"
"581","581",163097,2017/01/08 00:00:00,P.glauca,2017-01-08_163097,-5066.54254940257,1,"291144"
"582","582",163097,2017/01/09 00:00:00,P.glauca,2017-01-09_163097,-4906.92300623249,1,"251182"
"583","583",163097,2017/01/10 00:00:00,P.glauca,2017-01-10_163097,-4549.24508342634,1,"201848"
"584","584",163097,2017/01/11 00:00:00,P.glauca,2017-01-11_163097,-4244.13233774038,1,"160553"
"585","585",163097,2017/01/13 00:00:00,P.glauca,2017-01-13_163097,-4248.07032287199,2,"157159"
"586","586",163097,2017/01/14 00:00:00,P.glauca,2017-01-14_163097,-3965.64845451586,4,"133391"
"587","587",163097,2017/01/15 00:00:00,P.glauca,2017-01-15_163097,-3612.09884283841,5,"115876"
"588","588",163097,2017/01/17 00:00:00,P.glauca,2017-01-17_163097,-4154.725578187,5,"162930"
"589","589",163097,2017/01/20 00:00:00,P.glauca,2017-01-20_163097,-4244.4032631322,5,"174680"
"590","590",163097,2017/01/21 00:00:00,P.glauca,2017-01-21_163097,-4102.91181500449,1,"156273"
"591","591",163097,2017/01/22 00:00:00,P.glauca,2017-01-22_163097,-3913.17479535568,5,"136365"
"592","592",163097,2017/01/25 00:00:00,P.glauca,2017-01-25_163097,-4080.10741328206,1,"168562"
"593","593",163097,2017/01/26 00:00:00,P.glauca,2017-01-26_163097,-4100.44253540039,3,"183182"
"594","594",163097,2017/01/29 00:00:00,P.glauca,2017-01-29_163097,-2986.86048789695,1,"109169"
"595","595",163097,2017/01/31 00:00:00,P.glauca,2017-01-31_163097,-3661.80861085834,5,"194445"
"596","596",106754,2017/02/01 00:00:00,P.glauca,2017-02-01_106754,-4557.60660807292,4,"1108627"
"597","597",106754,2017/02/04 00:00:00,P.glauca,2017-02-04_106754,-4586.8798828125,4,"1179388"
"598","598",106754,2017/02/05 00:00:00,P.glauca,2017-02-05_106754,-4119.31005859375,4,"1198305"
"599","599",106754,2017/02/06 00:00:00,P.glauca,2017-02-06_106754,-4391.73999023438,4,"1230202"
"600","600",106754,2017/02/08 00:00:00,P.glauca,2017-02-08_106754,-3608.32006835938,4,"1275857"
"601","601",106754,2017/02/09 00:00:00,P.glauca,2017-02-09_106754,-4173.509765625,4,"1290805"
"602","602",106754,2017/02/11 00:00:00,P.glauca,2017-02-11_106754,-3878.41966959635,4,"1336461"
"603","603",106754,2017/02/13 00:00:00,P.glauca,2017-02-13_106754,-3608.883984375,4,"1358251"
"604","604",106754,2017/02/14 00:00:00,P.glauca,2017-02-14_106754,-3280.98619442894,4,"1388370"
"605","605",106754,2017/02/15 00:00:00,P.glauca,2017-02-15_106754,-3283.44568684896,4,"1426814"
"606","606",106754,2017/02/16 00:00:00,P.glauca,2017-02-16_106754,-3175.28503417969,4,"1463483"
"607","607",106754,2017/02/17 00:00:00,P.glauca,2017-02-17_106754,-3621.044921875,4,"1504622"
"608","608",106754,2017/02/19 00:00:00,P.glauca,2017-02-19_106754,-3603.70170200893,4,"1589283"
"609","609",106754,2017/02/21 00:00:00,P.glauca,2017-02-21_106754,-3858.80249023438,4,"1660271"
"610","610",106754,2017/02/22 00:00:00,P.glauca,2017-02-22_106754,-3533.96830240885,3,"1697604"
"611","611",106754,2017/02/23 00:00:00,P.glauca,2017-02-23_106754,-3827.46049804687,2,"1716811"
"612","612",106754,2017/02/27 00:00:00,P.glauca,2017-02-27_106754,-4341.40759277344,4,"1786783"
"613","613",106754,2017/02/28 00:00:00,P.glauca,2017-02-28_106754,-4673.27514648438,4,"1753331"
"614","614",133016,2017/02/15 00:00:00,P.glauca,2017-02-15_133016,-4807.06316929169,4,"291389"
"615","615",133016,2017/02/16 00:00:00,P.glauca,2017-02-16_133016,-4784.09689630247,4,"304044"
"616","616",133017,2017/02/03 00:00:00,P.glauca,2017-02-03_133017,-4741.84580556163,2,"218042"
"617","617",133017,2017/02/05 00:00:00,P.glauca,2017-02-05_133017,-4602.02978515625,2,"191746"
"618","618",133017,2017/02/06 00:00:00,P.glauca,2017-02-06_133017,-4694.10348573023,4,"216994"
"619","619",133017,2017/02/07 00:00:00,P.glauca,2017-02-07_133017,-4720.41741415895,4,"218528"
"620","620",133017,2017/02/08 00:00:00,P.glauca,2017-02-08_133017,-4658.03067016602,2,"203896"
"621","621",133017,2017/02/11 00:00:00,P.glauca,2017-02-11_133017,-4791.52498372396,2,"260575"
"622","622",133017,2017/02/12 00:00:00,P.glauca,2017-02-12_133017,-4875.05834960938,2,"272866"
"623","623",133017,2017/02/13 00:00:00,P.glauca,2017-02-13_133017,-4881.97998046875,3,"254413"
"624","624",141255,2017/02/05 00:00:00,P.glauca,2017-02-05_141255,-3833.26000976562,1,"116921"
"625","625",141255,2017/02/08 00:00:00,P.glauca,2017-02-08_141255,-3111.89990234375,1,"48187"
"626","626",141255,2017/02/10 00:00:00,P.glauca,2017-02-10_141255,-3434.13989257812,1,"87098"
"627","627",141255,2017/02/11 00:00:00,P.glauca,2017-02-11_141255,-3568.7099609375,1,"97359"
"628","628",141255,2017/02/16 00:00:00,P.glauca,2017-02-16_141255,-3096.92276343295,1,"69773"
"629","629",141255,2017/02/19 00:00:00,P.glauca,2017-02-19_141255,-2848.36703503831,1,"73183"
"630","630",141255,2017/02/21 00:00:00,P.glauca,2017-02-21_141255,-3107.56097992099,1,"79430"
"631","631",141258,2017/02/03 00:00:00,P.glauca,2017-02-03_141258,-3328.79801025391,5,"132758"
"632","632",141258,2017/02/05 00:00:00,P.glauca,2017-02-05_141258,-3257.71997070312,2,"103281"
"633","633",141258,2017/02/06 00:00:00,P.glauca,2017-02-06_141258,-3043.09002685547,1,"99632"
"634","634",141258,2017/02/07 00:00:00,P.glauca,2017-02-07_141258,-2795.54401855469,5,"94109"
"635","635",141258,2017/02/10 00:00:00,P.glauca,2017-02-10_141258,-3665.75250244141,5,"136834"
"636","636",141258,2017/02/12 00:00:00,P.glauca,2017-02-12_141258,-3564.1533203125,2,"168762"
"637","637",141258,2017/02/14 00:00:00,P.glauca,2017-02-14_141258,-3169.64990234375,2,"132853"
"638","638",163097,2017/02/01 00:00:00,P.glauca,2017-02-01_163097,-3679.15420735677,1,"207293"
"639","639",163097,2017/02/05 00:00:00,P.glauca,2017-02-05_163097,-3856.95253089806,5,"219824"
"640","640",163097,2017/02/06 00:00:00,P.glauca,2017-02-06_163097,-3732.14665332031,5,"193110"
"641","641",163097,2017/02/07 00:00:00,P.glauca,2017-02-07_163097,-3739.311058155,1,"188977"
"642","642",163097,2017/02/11 00:00:00,P.glauca,2017-02-11_163097,-3944.1208077567,5,"189588"
"643","643",163097,2017/02/12 00:00:00,P.glauca,2017-02-12_163097,-3780.05422883875,1,"166377"
"644","644",163097,2017/02/13 00:00:00,P.glauca,2017-02-13_163097,-3559.95110999213,3,"147024"
"645","645",163097,2017/02/14 00:00:00,P.glauca,2017-02-14_163097,-3505.07226388114,1,"142405"
"646","646",163097,2017/02/16 00:00:00,P.glauca,2017-02-16_163097,-3230.66486968994,1,"100761"
"647","647",163097,2017/02/18 00:00:00,P.glauca,2017-02-18_163097,-3504.67327237216,5,"134771"
"648","648",163097,2017/02/20 00:00:00,P.glauca,2017-02-20_163097,-3470.72203967525,3,"139400"
"649","649",163097,2017/02/21 00:00:00,P.glauca,2017-02-21_163097,-3663.50928606306,3,"166952"
"650","650",106754,2017/03/01 00:00:00,P.glauca,2017-03-01_106754,-4398.31994628906,4,"1707274"
"651","651",106754,2017/03/02 00:00:00,P.glauca,2017-03-02_106754,-4289.0498046875,4,"1671930"
"652","652",106754,2017/03/03 00:00:00,P.glauca,2017-03-03_106754,-4149.64013671875,4,"1658129"
"653","653",106754,2017/03/04 00:00:00,P.glauca,2017-03-04_106754,-3509.58508300781,4,"1663733"
"654","654",106754,2017/03/05 00:00:00,P.glauca,2017-03-05_106754,-3659.82995605469,4,"1672785"
"655","655",106754,2017/03/06 00:00:00,P.glauca,2017-03-06_106754,-4145.78991699219,4,"1684171"
"656","656",106754,2017/03/08 00:00:00,P.glauca,2017-03-08_106754,-2684.09000651042,4,"1664577"
"657","657",106754,2017/03/10 00:00:00,P.glauca,2017-03-10_106754,-3118.08996582031,4,"1565485"
"658","658",106754,2017/03/11 00:00:00,P.glauca,2017-03-11_106754,-2996.08746337891,4,"1530161"
"659","659",106754,2017/03/12 00:00:00,P.glauca,2017-03-12_106754,-3380.94030273438,4,"1514094"
"660","660",106754,2017/03/14 00:00:00,P.glauca,2017-03-14_106754,-3451.78053804838,4,"1528752"
"661","661",106754,2017/03/15 00:00:00,P.glauca,2017-03-15_106754,-3437.2072038548,4,"1553809"
"662","662",106754,2017/03/17 00:00:00,P.glauca,2017-03-17_106754,-3403.71816847646,4,"1625332"
"663","663",106754,2017/03/19 00:00:00,P.glauca,2017-03-19_106754,-3380.15557037838,4,"1706665"
"664","664",106754,2017/03/21 00:00:00,P.glauca,2017-03-21_106754,-3517.57913270289,4,"1775199"
"665","665",106754,2017/03/22 00:00:00,P.glauca,2017-03-22_106754,-3688.14070056734,4,"1797346"
"666","666",106754,2017/03/24 00:00:00,P.glauca,2017-03-24_106754,-3549.95495605469,4,"1798973"
"667","667",106754,2017/03/27 00:00:00,P.glauca,2017-03-27_106754,-3547.21496582031,4,"1665981"
"668","668",106754,2017/03/28 00:00:00,P.glauca,2017-03-28_106754,-3093.82006835938,4,"1621282"
"669","669",106754,2017/03/29 00:00:00,P.glauca,2017-03-29_106754,-3307.0625,4,"1588710"
"670","670",106754,2017/03/31 00:00:00,P.glauca,2017-03-31_106754,-3413.0600382487,4,"1599202"
"671","671",106754,2017/04/01 00:00:00,P.glauca,2017-04-01_106754,-3933.23168945312,4,"1624112"
"672","672",106754,2017/04/02 00:00:00,P.glauca,2017-04-02_106754,-3474.14664713542,4,"1652952"
"673","673",106754,2017/04/03 00:00:00,P.glauca,2017-04-03_106754,-3009.71002197266,4,"1687022"
"674","674",106754,2017/04/06 00:00:00,P.glauca,2017-04-06_106754,-3702.50756835938,3,"1649370"
"675","675",106754,2017/04/07 00:00:00,P.glauca,2017-04-07_106754,-3547.61778428819,3,"1630576"
"676","676",163096,2017/11/10 00:00:00,I.oxyrinchus,2017-11-10_163096,-1356.74119995117,1,"8280"
"677","677",163096,2017/11/11 00:00:00,I.oxyrinchus,2017-11-11_163096,-2480.51000976562,1,"57052"
"678","678",163096,2017/11/12 00:00:00,I.oxyrinchus,2017-11-12_163096,-2594.61010742188,1,"68854"
"679","679",163096,2017/11/13 00:00:00,I.oxyrinchus,2017-11-13_163096,-2723.18994140625,3,"95801"
"680","680",163096,2017/11/15 00:00:00,I.oxyrinchus,2017-11-15_163096,-2977.75,3,"118768"
"681","681",163096,2017/11/16 00:00:00,I.oxyrinchus,2017-11-16_163096,-2877.93994140625,3,"114207"
"682","682",163096,2017/11/17 00:00:00,I.oxyrinchus,2017-11-17_163096,-2842.44995117188,1,"119215"
"683","683",163096,2017/11/18 00:00:00,I.oxyrinchus,2017-11-18_163096,-2901.11010742188,1,"122573"
"684","684",163096,2017/11/20 00:00:00,I.oxyrinchus,2017-11-20_163096,-3093.82006835938,1,"132463"
"685","685",163096,2017/11/21 00:00:00,I.oxyrinchus,2017-11-21_163096,-3559.97497558594,1,"196408"
"686","686",163096,2017/11/22 00:00:00,I.oxyrinchus,2017-11-22_163096,-4269.93762207031,4,"306875"
"687","687",163096,2017/11/23 00:00:00,I.oxyrinchus,2017-11-23_163096,-4267.10986328125,1,"342865"
"688","688",163096,2017/11/24 00:00:00,I.oxyrinchus,2017-11-24_163096,-3888.74749755859,1,"236719"
"689","689",163096,2017/11/26 00:00:00,I.oxyrinchus,2017-11-26_163096,-4265.240234375,1,"211977"
"690","690",163096,2017/11/27 00:00:00,I.oxyrinchus,2017-11-27_163096,-4603.5,1,"257378"
"691","691",163096,2017/11/28 00:00:00,I.oxyrinchus,2017-11-28_163096,-4738.23434448242,1,"299407"
"692","692",163096,2017/11/29 00:00:00,I.oxyrinchus,2017-11-29_163096,-5010.68668619792,1,"365459"
"693","693",163098,2017/11/07 00:00:00,I.oxyrinchus,2017-11-07_163098,-3000.82889071378,1,"80021"
"694","694",163098,2017/11/08 00:00:00,I.oxyrinchus,2017-11-08_163098,-3488.85776435004,1,"140582"
"695","695",163098,2017/11/09 00:00:00,I.oxyrinchus,2017-11-09_163098,-4417.26686859131,4,"251180"
"696","696",163098,2017/11/10 00:00:00,I.oxyrinchus,2017-11-10_163098,-4851.59563050881,4,"352249"
"697","697",163098,2017/11/11 00:00:00,I.oxyrinchus,2017-11-11_163098,-4940.24501702724,4,"414279"
"698","698",163098,2017/11/12 00:00:00,I.oxyrinchus,2017-11-12_163098,-4951.54153781467,4,"443855"
"699","699",163098,2017/11/13 00:00:00,I.oxyrinchus,2017-11-13_163098,-4961.2284161603,4,"491989"
"700","700",163098,2017/11/14 00:00:00,I.oxyrinchus,2017-11-14_163098,-4945.01503807607,4,"537356"
"701","701",163098,2017/11/15 00:00:00,I.oxyrinchus,2017-11-15_163098,-4947.76960961613,4,"553541"
"702","702",163098,2017/11/16 00:00:00,I.oxyrinchus,2017-11-16_163098,-4981.39150168679,3,"509875"
"703","703",163098,2017/11/17 00:00:00,I.oxyrinchus,2017-11-17_163098,-4970.18277452257,4,"483864"
"704","704",163098,2017/11/18 00:00:00,I.oxyrinchus,2017-11-18_163098,-4931.36502511161,4,"434290"
"705","705",163098,2017/11/19 00:00:00,I.oxyrinchus,2017-11-19_163098,-4915.84288305166,3,"399881"
"706","706",163098,2017/11/21 00:00:00,I.oxyrinchus,2017-11-21_163098,-5018.2716015625,3,"295967"
"707","707",163098,2017/11/22 00:00:00,I.oxyrinchus,2017-11-22_163098,-5032.63474609375,5,"293591"
"708","708",163098,2017/11/23 00:00:00,I.oxyrinchus,2017-11-23_163098,-5032.63474609375,5,"293591"
"709","709",163098,2017/11/24 00:00:00,I.oxyrinchus,2017-11-24_163098,-5041.11888908617,5,"258126"
"710","710",163098,2017/11/25 00:00:00,I.oxyrinchus,2017-11-25_163098,-5014.91701543899,5,"225774"
"711","711",163098,2017/11/26 00:00:00,I.oxyrinchus,2017-11-26_163098,-4980.56589471726,5,"192146"
"712","712",163098,2017/11/27 00:00:00,I.oxyrinchus,2017-11-27_163098,-4881.7196270978,5,"144667"
"713","713",163098,2017/11/28 00:00:00,I.oxyrinchus,2017-11-28_163098,-4795.34176698023,4,"102259"
"714","714",163098,2017/11/29 00:00:00,I.oxyrinchus,2017-11-29_163098,-4841.55728515625,4,"79424"
"715","715",163098,2017/11/30 00:00:00,I.oxyrinchus,2017-11-30_163098,-4865.62962123326,3,"89551"
"716","716",163096,2017/12/01 00:00:00,I.oxyrinchus,2017-12-01_163096,-4422.11999511719,1,"309407"
"717","717",163096,2017/12/02 00:00:00,I.oxyrinchus,2017-12-02_163096,-4871.41259765625,1,"245043"
"718","718",163096,2017/12/03 00:00:00,I.oxyrinchus,2017-12-03_163096,-4355.91552734375,1,"168413"
"719","719",163096,2017/12/04 00:00:00,I.oxyrinchus,2017-12-04_163096,-4267.955078125,1,"150238"
"720","720",163096,2017/12/05 00:00:00,I.oxyrinchus,2017-12-05_163096,-3562.11999511719,1,"85500"
"721","721",163096,2017/12/06 00:00:00,I.oxyrinchus,2017-12-06_163096,-3728.60888671875,2,"93002"
"722","722",163096,2017/12/07 00:00:00,I.oxyrinchus,2017-12-07_163096,-3770.4921875,1,"98966"
"723","723",163096,2017/12/08 00:00:00,I.oxyrinchus,2017-12-08_163096,-3959.63413492839,2,"122508"
"724","724",163096,2017/12/10 00:00:00,I.oxyrinchus,2017-12-10_163096,-4571.65426753384,2,"205174"
"725","725",163096,2017/12/12 00:00:00,I.oxyrinchus,2017-12-12_163096,-4090.39001464844,2,"126902"
"726","726",163096,2017/12/13 00:00:00,I.oxyrinchus,2017-12-13_163096,-3973.33222113715,2,"109960"
"727","727",163096,2017/12/14 00:00:00,I.oxyrinchus,2017-12-14_163096,-4451.37724833586,2,"162774"
"728","728",163096,2017/12/15 00:00:00,I.oxyrinchus,2017-12-15_163096,-4902.52416992188,1,"261739"
"729","729",163096,2017/12/17 00:00:00,I.oxyrinchus,2017-12-17_163096,-5055.8294406467,4,"485735"
"730","730",163096,2017/12/18 00:00:00,I.oxyrinchus,2017-12-18_163096,-5021.05260742188,4,"551799"
"731","731",163096,2017/12/20 00:00:00,I.oxyrinchus,2017-12-20_163096,-4999.76496438419,4,"622821"
"732","732",163096,2017/12/22 00:00:00,I.oxyrinchus,2017-12-22_163096,-4928.85260463746,4,"473968"
"733","733",163096,2017/12/24 00:00:00,I.oxyrinchus,2017-12-24_163096,-4767.87762790256,4,"323718"
"734","734",163096,2017/12/25 00:00:00,I.oxyrinchus,2017-12-25_163096,-4149.05586751302,4,"300319"
"735","735",163096,2017/12/26 00:00:00,I.oxyrinchus,2017-12-26_163096,-4783.25484375,4,"230690"
"736","736",163096,2017/12/27 00:00:00,I.oxyrinchus,2017-12-27_163096,-4618.75186157227,4,"129515"
"737","737",163096,2017/12/29 00:00:00,I.oxyrinchus,2017-12-29_163096,-4349.41249593099,4,"62438"
"738","738",163096,2017/12/30 00:00:00,I.oxyrinchus,2017-12-30_163096,-4429.39234241541,4,"111003"
"739","739",163096,2017/12/31 00:00:00,I.oxyrinchus,2017-12-31_163096,-4708.58222130409,2,"179870"
"740","740",163098,2017/12/01 00:00:00,I.oxyrinchus,2017-12-01_163098,-4935.55040825738,3,"142860"
"741","741",163098,2017/12/02 00:00:00,I.oxyrinchus,2017-12-02_163098,-5080.70000348772,3,"220359"
"742","742",163098,2017/12/03 00:00:00,I.oxyrinchus,2017-12-03_163098,-5168.68257533482,3,"256769"
"743","743",163098,2017/12/04 00:00:00,I.oxyrinchus,2017-12-04_163098,-5228.45542689732,3,"304737"
"744","744",163098,2017/12/06 00:00:00,I.oxyrinchus,2017-12-06_163098,-5271.81681702629,3,"351155"
"745","745",163098,2017/12/08 00:00:00,I.oxyrinchus,2017-12-08_163098,-5372.15801478795,4,"421794"
"746","746",163098,2017/12/09 00:00:00,I.oxyrinchus,2017-12-09_163098,-5416.34486219618,5,"466834"
"747","747",163098,2017/12/11 00:00:00,I.oxyrinchus,2017-12-11_163098,-5382.17396104601,5,"480323"
"748","748",163098,2017/12/12 00:00:00,I.oxyrinchus,2017-12-12_163098,-5365.66643759645,4,"487159"
"749","749",163098,2017/12/13 00:00:00,I.oxyrinchus,2017-12-13_163098,-5240.15521632858,2,"467460"
"750","750",163098,2017/12/14 00:00:00,I.oxyrinchus,2017-12-14_163098,-5012.96916375411,4,"459427"
"751","751",163098,2017/12/15 00:00:00,I.oxyrinchus,2017-12-15_163098,-4805.71356241064,5,"439042"
"752","752",163098,2017/12/16 00:00:00,I.oxyrinchus,2017-12-16_163098,-4560.98792182075,5,"417719"
"753","753",163098,2017/12/17 00:00:00,I.oxyrinchus,2017-12-17_163098,-4493.27621331736,4,"405247"
"754","754",163098,2017/12/18 00:00:00,I.oxyrinchus,2017-12-18_163098,-4426.04481090199,5,"369756"
"755","755",163098,2017/12/19 00:00:00,I.oxyrinchus,2017-12-19_163098,-4330.95201868444,4,"353598"
"756","756",163098,2017/12/20 00:00:00,I.oxyrinchus,2017-12-20_163098,-4207.87537125517,2,"287087"
"757","757",163098,2017/12/21 00:00:00,I.oxyrinchus,2017-12-21_163098,-4458.81344010711,5,"253520"
"758","758",163098,2017/12/22 00:00:00,I.oxyrinchus,2017-12-22_163098,-4734.95281871449,2,"269587"
"759","759",163098,2017/12/23 00:00:00,I.oxyrinchus,2017-12-23_163098,-4367.82609419389,4,"177571"
"760","760",163096,2018/01/04 00:00:00,I.oxyrinchus,2018-01-04_163096,-5149.79106987847,4,"464145"
"761","761",163096,2018/01/05 00:00:00,I.oxyrinchus,2018-01-05_163096,-5241.66505714699,4,"515705"
"762","762",163096,2018/01/07 00:00:00,I.oxyrinchus,2018-01-07_163096,-5109.48790466707,4,"689611"
"763","763",163096,2018/01/08 00:00:00,I.oxyrinchus,2018-01-08_163096,-5179.12275149498,4,"763391"
"764","764",163096,2018/01/09 00:00:00,I.oxyrinchus,2018-01-09_163096,-5286.73392159598,4,"783817"
"765","765",163096,2018/01/11 00:00:00,I.oxyrinchus,2018-01-11_163096,-5349.95050274884,4,"705561"
"766","766",163096,2018/01/12 00:00:00,I.oxyrinchus,2018-01-12_163096,-5320.2900390625,4,"735916"
"767","767",163096,2018/01/13 00:00:00,I.oxyrinchus,2018-01-13_163096,-5343.13998413086,4,"669955"
"768","768",163096,2018/01/14 00:00:00,I.oxyrinchus,2018-01-14_163096,-5290.91003417969,4,"623966"
"769","769",163096,2018/01/15 00:00:00,I.oxyrinchus,2018-01-15_163096,-5237.41947741386,4,"519267"
"770","770",163096,2018/01/16 00:00:00,I.oxyrinchus,2018-01-16_163096,-5257.93973253038,4,"459887"
"771","771",163096,2018/01/17 00:00:00,I.oxyrinchus,2018-01-17_163096,-5282.65031620976,4,"435272"
"772","772",163096,2018/01/18 00:00:00,I.oxyrinchus,2018-01-18_163096,-5311.27793537734,4,"426876"
"773","773",163096,2018/01/19 00:00:00,I.oxyrinchus,2018-01-19_163096,-5359.56133377454,4,"418042"
"774","774",163096,2018/01/20 00:00:00,I.oxyrinchus,2018-01-20_163096,-5346.3391796875,4,"397712"
"775","775",163096,2018/01/21 00:00:00,I.oxyrinchus,2018-01-21_163096,-5311.37311662946,4,"380858"
"776","776",163096,2018/01/22 00:00:00,I.oxyrinchus,2018-01-22_163096,-5277.84181175547,4,"378306"
"777","777",163096,2018/01/23 00:00:00,I.oxyrinchus,2018-01-23_163096,-5094.11102488484,4,"379309"
"778","778",163096,2018/01/24 00:00:00,I.oxyrinchus,2018-01-24_163096,-4915.89429506823,4,"384316"
"779","779",163096,2018/01/28 00:00:00,I.oxyrinchus,2018-01-28_163096,-4650.74724928428,4,"419287"
"780","780",163096,2018/01/29 00:00:00,I.oxyrinchus,2018-01-29_163096,-4755.22713256967,4,"438150"
"781","781",163096,2018/01/31 00:00:00,I.oxyrinchus,2018-01-31_163096,-4984.92744442916,4,"522385"
"782","782",206771,2021/10/17 00:00:00,I.oxyrinchus,2021-10-17_206771,-4761.5577078683,1,"304700"
"783","783",206771,2021/10/23 00:00:00,I.oxyrinchus,2021-10-23_206771,-5017.1751999628,4,"373096"
"784","784",206771,2021/10/26 00:00:00,I.oxyrinchus,2021-10-26_206771,-4979.76684957837,4,"320633"
"785","785",206771,2021/11/07 00:00:00,I.oxyrinchus,2021-11-07_206771,-4810.57281784784,2,"329422"
"786","786",206771,2021/11/10 00:00:00,I.oxyrinchus,2021-11-10_206771,-4827.4668535095,4,"312762"
