Date,bin1,bin2,bin3,bin4,bin5,bin6,bin7,bin8,ptt,owner
2015-10-21,91.8,8.2,0,0,0,0,0,0,141254,Camrin Braun
2015-10-22,67,32,1,0,0,0,0,0,141254,Camrin Braun
2015-10-23,82.69999999999999,17.299999999999997,0,0,0,0,0,0,141254,Camrin Braun
2015-10-24,77.8,22.299999999999997,0,0,0,0,0,0,141254,Camrin Braun
2015-10-25,56.5,42.5,1,0,0,0,0,0,141254,Camrin Braun
2015-10-26,52.6,46.4,1,0,0,0,0,0,141254,Camrin Braun
2015-10-27,32.6,52,15.3,0,0,0,0,0,141254,Camrin Braun
2015-10-29,45.900000000000006,53,1,0,0,0,0,0,141254,Camrin Braun
2015-10-30,21.9,67.7,9.4,1,0,0,0,0,141254,Camrin Braun
2015-10-31,2,59,23,10,5,1,0,0,141254,Camrin Braun
2015-11-01,23.299999999999997,50.5,13.1,12.1,1,0,0,0,141254,Camrin Braun
2015-11-02,9.2,58.199999999999996,10.2,17.3,5.1,0,0,0,141254,Camrin Braun
2015-11-03,32,44.3,8.2,14.4,1,0,0,0,141254,Camrin Braun
2015-11-05,43.900000000000006,47.900000000000006,4.1,4.1,0,0,0,0,141254,Camrin Braun
2015-11-06,21.700000000000003,62.9,6.2,7.2,2.1,0,0,0,141254,Camrin Braun
2015-11-07,37.9,43.2,4.2,10.5,4.2,0,0,0,141254,Camrin Braun
2015-11-08,53.1,32.7,5.1,6.1,3.1,0,0,0,141254,Camrin Braun
2015-11-09,28.900000000000002,46.400000000000006,7.2,9.3,7.2,1,0,0,141254,Camrin Braun
2015-11-10,30.200000000000003,42.7,11.5,11.5,4.2,0,0,0,141254,Camrin Braun
2015-11-11,30.2,33.3,9.4,20.8,5.2,1,0,0,141254,Camrin Braun
2015-11-12,25.700000000000003,24.700000000000003,20.6,22.7,6.2,0,0,0,141254,Camrin Braun
2015-11-13,30.9,28.9,8.2,21.6,10.3,0,0,0,141254,Camrin Braun
2015-11-14,18.5,40.2,16.5,22.7,2.1,0,0,0,141254,Camrin Braun
2015-11-15,16.7,34.4,13.5,27.1,8.3,0,0,0,141254,Camrin Braun
2015-11-16,24,26,16.7,27.1,6.3,0,0,0,141254,Camrin Braun
2015-11-17,4.1,22.6,9.3,37.1,25.8,1,0,0,141254,Camrin Braun
2015-11-18,43.3,40.2,4.1,10.3,2.1,0,0,0,141254,Camrin Braun
2015-11-19,63.2,18.4,3.1,11.2,4.1,0,0,0,141254,Camrin Braun
2015-11-20,31,29.900000000000002,13.4,16.5,9.3,0,0,0,141254,Camrin Braun
2015-11-21,29.900000000000002,26.8,15.5,22.7,5.2,0,0,0,141254,Camrin Braun
2015-11-22,28.6,24.5,10.2,18.4,17.3,1,0,0,141254,Camrin Braun
2015-11-23,18.8,34.4,11.5,22.9,11.5,1,0,0,141254,Camrin Braun
2015-11-24,14.7,24.200000000000003,24.2,17.9,11.6,7.4,0,0,141254,Camrin Braun
2015-11-25,9.3,10.299999999999999,45.4,27.8,6.2,1,0,0,141254,Camrin Braun
2015-11-26,10.3,10.299999999999999,42.3,34,2.1,1,0,0,141254,Camrin Braun
2015-11-28,22.7,43.3,21.6,11.3,1,0,0,0,141254,Camrin Braun
2015-11-29,12.2,12.2,45.9,25.5,3.1,1,0,0,141254,Camrin Braun
2015-11-30,23.8,15.4,35.1,15.5,5.2,4.1,1,0,141254,Camrin Braun
2015-12-01,19.4,23.5,44.9,12.2,0,0,0,0,141254,Camrin Braun
2015-12-02,32,36.1,20.6,11.3,0,0,0,0,141254,Camrin Braun
2015-12-03,27.8,34,16.5,18.6,3.1,0,0,0,141254,Camrin Braun
2015-12-04,56.7,18.5,10.3,8.2,5.2,1,0,0,141254,Camrin Braun
2015-12-05,64.3,30.599999999999998,4.1,1,0,0,0,0,141254,Camrin Braun
2015-12-06,58.199999999999996,28.599999999999998,11.2,1,1,0,0,0,141254,Camrin Braun
2015-12-07,59.2,21.5,15.3,4.1,0,0,0,0,141254,Camrin Braun
2015-12-08,17.700000000000003,22.9,11.5,25,18.8,4.2,0,0,141254,Camrin Braun
2015-12-09,11.2,15.299999999999999,18.4,31.6,22.4,1,0,0,141254,Camrin Braun
2015-12-10,16.5,19.6,17.5,34,12.4,0,0,0,141254,Camrin Braun
2015-12-11,22.4,15.299999999999999,9.2,26.5,20.4,5.1,1,0,141254,Camrin Braun
2015-12-12,27.299999999999997,21.2,10.1,23.2,17.2,1,0,0,141254,Camrin Braun
2015-12-13,26.8,20.6,12.4,28.9,11.3,0,0,0,141254,Camrin Braun
2015-12-14,37.900000000000006,13.7,13.7,16.8,17.9,0,0,0,141254,Camrin Braun
2015-12-15,26.8,14.399999999999999,7.2,24.7,25.8,1,0,0,141254,Camrin Braun
2015-12-17,37.1,19.5,11.3,13.4,17.5,1,0,0,141254,Camrin Braun
2015-12-19,45.800000000000004,17.7,15.6,15.6,5.2,0,0,0,141254,Camrin Braun
2015-12-23,47.4,24.7,4.1,11.3,11.3,1,0,0,141254,Camrin Braun
2015-12-24,29.2,33.4,9.4,16.7,9.4,2.1,0,0,141254,Camrin Braun
2015-12-27,36.4,33.3,9.4,9.4,11.5,0,0,0,141254,Camrin Braun
2015-12-28,44.8,27.1,7.3,10.4,8.3,2.1,0,0,141254,Camrin Braun
2015-12-29,20.6,12.4,20.6,35.1,5.2,6.2,0,0,141254,Camrin Braun
2015-12-30,29.200000000000003,28.1,13.5,13.5,12.5,3.1,0,0,141254,Camrin Braun
2015-12-31,15.8,27.400000000000002,13.7,29.5,8.4,2.1,3.2,0,141254,Camrin Braun
2016-01-01,17.9,13.7,11.6,16.8,23.2,3.2,8.4,5.3,141254,Camrin Braun
2016-01-02,22.099999999999998,15.8,8.4,11.6,16.8,7.4,5.3,12.6,141254,Camrin Braun
2016-01-03,11.8,12.899999999999999,10.8,17.2,24.7,6.5,6.5,9.7,141254,Camrin Braun
2016-01-04,14.7,20,9.5,16.8,11.6,7.4,11.6,8.4,141254,Camrin Braun
2016-01-05,32.6,28.5,6.1,6.1,8.2,5.1,6.1,7.1,141254,Camrin Braun
2016-01-06,3.2,14.9,23.4,22.3,5.3,5.3,6.4,19.1,141254,Camrin Braun
2016-01-07,3.2,25.5,22.3,21.3,2.1,2.1,3.2,20.2,141254,Camrin Braun
2016-01-08,16.9,26.299999999999997,7.4,11.6,6.3,4.2,8.4,18.9,141254,Camrin Braun
2016-01-11,75,9.4,4.2,9.4,2.1,0,0,0,141254,Camrin Braun
2016-01-12,56.699999999999996,24.8,8.2,8.2,2.1,0,0,0,141254,Camrin Braun
2016-01-13,33.7,21.099999999999998,14.7,16.8,13.7,0,0,0,141254,Camrin Braun
2016-01-15,6.2,30.200000000000003,16.7,19.8,26,1,0,0,141254,Camrin Braun
2016-01-16,15.4,21.7,20.6,26.8,11.3,3.1,1,0,141254,Camrin Braun
2016-01-18,65.6,15.600000000000001,5.2,11.5,2.1,0,0,0,141254,Camrin Braun
2016-01-19,44.900000000000006,32.599999999999994,19.4,3.1,0,0,0,0,141254,Camrin Braun
2016-01-21,20.4,31.6,32.7,13.3,1,1,0,0,141254,Camrin Braun
2016-01-24,15.3,24.5,29.6,20.4,9.2,1,0,0,141254,Camrin Braun
2016-01-26,23,19.8,25,25,6.3,1,0,0,141254,Camrin Braun
2016-01-27,41,26.299999999999997,17.9,6.3,6.3,2.1,0,0,141254,Camrin Braun
2016-01-29,41.3,41.2,4.1,8.2,5.2,0,0,0,141254,Camrin Braun
2016-02-01,100,0,0,0,0,0,0,0,141254,Camrin Braun
2016-02-02,100,0,0,0,0,0,0,0,141254,Camrin Braun
2016-02-04,100,0,0,0,0,0,0,0,141254,Camrin Braun
2016-02-05,100,0,0,0,0,0,0,0,141254,Camrin Braun
2015-10-14,65.6,34.4,0,0,0,0,0,0,141256,Camrin Braun
2015-10-15,73.5,26.5,0,0,0,0,0,0,141256,Camrin Braun
2015-10-16,90.9,9.2,0,0,0,0,0,0,141256,Camrin Braun
2015-10-17,33.4,65.7,1,0,0,0,0,0,141256,Camrin Braun
2015-10-18,51.5,45.5,2,1,0,0,0,0,141256,Camrin Braun
2015-10-20,67.3,30.599999999999998,2,0,0,0,0,0,141256,Camrin Braun
2015-10-21,83.8,15.1,1,0,0,0,0,0,141256,Camrin Braun
2015-10-22,40.8,52.099999999999994,7.1,0,0,0,0,0,141256,Camrin Braun
2015-10-23,60.2,38.7,1,0,0,0,0,0,141256,Camrin Braun
2015-10-25,28.5,57.1,12.2,1,1,0,0,0,141256,Camrin Braun
2015-10-26,0,32.3,50.5,17.2,0,0,0,0,141256,Camrin Braun
2015-10-27,2,23.4,38.8,27.6,6.1,1,1,0,141256,Camrin Braun
2015-10-28,25,26.1,18.8,20.8,9.4,0,0,0,141256,Camrin Braun
2015-10-29,32.300000000000004,16.6,20.8,22.9,2.1,2.1,2.1,1,141256,Camrin Braun
2015-10-30,44.9,10.2,4.1,40.8,0,0,0,0,141256,Camrin Braun
2015-10-31,11.6,42.099999999999994,6.3,10.5,28.4,1.1,0,0,141256,Camrin Braun
2015-11-01,31.2,33.3,17.7,8.3,9.4,0,0,0,141256,Camrin Braun
2015-11-06,53.6,17.6,8.2,19.6,1,0,0,0,141256,Camrin Braun
2015-11-07,28.8,36,10.3,23.7,1,0,0,0,141256,Camrin Braun
2015-11-10,50.5,37.1,7.2,5.2,0,0,0,0,141256,Camrin Braun
2015-11-11,41.7,18.8,16.7,11.5,11.5,0,0,0,141256,Camrin Braun
2015-11-12,51.1,26,8.3,10.4,4.2,0,0,0,141256,Camrin Braun
2015-11-13,56.7,22.700000000000003,14.4,5.2,1,0,0,0,141256,Camrin Braun
2015-11-19,57.7,11.3,13.4,14.4,3.1,0,0,0,141256,Camrin Braun
2015-11-20,53.099999999999994,7.300000000000001,10.4,17.7,11.5,0,0,0,141256,Camrin Braun
2015-11-21,41.699999999999996,14.600000000000001,11.5,24,8.3,0,0,0,141256,Camrin Braun
2015-11-24,15.3,4.1,7.1,22.4,17.3,1,1,31.6,141256,Camrin Braun
2015-11-26,37.9,2.2,21.1,15.8,20,1.1,2.1,0,141256,Camrin Braun
2015-11-27,20.8,3.1,5.2,22.9,20.8,2.1,3.1,21.9,141256,Camrin Braun
2015-11-29,11.7,5.300000000000001,21.3,24.5,2.1,2.1,3.2,29.8,141256,Camrin Braun
2015-11-30,16.5,8.2,10.3,29.9,2.1,2.1,2.1,28.8,141256,Camrin Braun
2015-12-01,11.4,13.4,17.5,18.6,2.1,2.1,3.1,31.9,141256,Camrin Braun
2015-12-03,11.600000000000001,18.9,10.5,27.4,2.1,8.4,2.1,18.9,141256,Camrin Braun
2015-12-04,21.099999999999998,23.2,10.5,14.7,6.3,16.8,1.1,6.3,141256,Camrin Braun
2015-12-05,33.4,11.8,11.8,16.1,2.2,4.3,3.2,17.2,141256,Camrin Braun
2015-12-06,31.6,12.7,12.6,18.9,4.2,2.1,3.2,14.7,141256,Camrin Braun
2015-12-07,10.6,9.5,8.5,30.9,2.1,3.2,4.3,30.9,141256,Camrin Braun
2015-12-08,29.700000000000003,14.3,6.6,20.9,2.2,2.2,2.2,22,141256,Camrin Braun
2015-12-13,30.6,7.4,5.3,40,3.2,4.2,2.1,7.4,141256,Camrin Braun
2015-12-14,22.099999999999998,10.600000000000001,4.2,36.8,4.2,10.5,8.4,3.2,141256,Camrin Braun
2015-12-16,24,18.700000000000003,5.2,27.1,2.1,1,2.1,19.8,141256,Camrin Braun
2015-12-17,28.1,13.5,8.3,28.1,2.1,2.1,2.1,15.6,141256,Camrin Braun
2015-12-21,37.5,5.2,12.5,17.7,17.7,4.2,1,4.2,141256,Camrin Braun
2015-12-22,30.9,3.1,6.2,21.6,27.8,6.2,1,3.1,141256,Camrin Braun
2015-12-23,33,3.1,4.1,14.4,30.9,6.2,2.1,6.2,141256,Camrin Braun
2015-12-25,41.6,2,4.2,8.3,24,9.4,2.1,8.3,141256,Camrin Braun
2015-12-27,40.6,3.1,3.1,11.5,31.3,5.2,3.1,2.1,141256,Camrin Braun
2015-12-28,35.1,3.1,2.1,15.5,29.9,10.3,3.1,1,141256,Camrin Braun
2015-12-30,34.800000000000004,6.300000000000001,4.2,20,24.2,8.4,2.1,0,141256,Camrin Braun
2015-12-31,35.1,11.3,8.2,27.8,9.3,7.2,1,0,141256,Camrin Braun
2016-01-01,37.7,7.5,7.5,31.2,1.1,1.1,3.2,10.8,141256,Camrin Braun
2016-01-02,28.2,5.5,13,32.6,2.2,2.2,2.2,14.1,141256,Camrin Braun
2016-01-03,42.300000000000004,11.3,10.3,33,3.1,0,0,0,141256,Camrin Braun
2016-01-06,34.3,14.6,10.4,25,2.1,1,2.1,10.4,141256,Camrin Braun
2016-01-08,38.6,5.2,15.6,35.4,2.1,1,2.1,0,141256,Camrin Braun
2016-01-09,17.7,8.3,11.5,35.4,2.1,3.1,3.1,18.7,141256,Camrin Braun
2016-01-10,36.5,10.8,10.8,28,4.3,3.2,2.2,4.300000000000001,141256,Camrin Braun
2016-01-11,32.699999999999996,11.600000000000001,6.3,34.7,1.1,2.1,1.1,10.5,141256,Camrin Braun
2016-01-12,34.7,13.299999999999999,6.1,29.6,1,1,1,13.2,141256,Camrin Braun
2016-01-14,27.4,7.4,8.4,36.8,2.1,1.1,1.1,15.8,141256,Camrin Braun
2016-01-20,31.2,5.2,15.6,18.8,14.6,3.1,4.2,7.3,141256,Camrin Braun
2016-01-21,18.8,12.5,17.7,8.3,27.1,1,2.1,12.5,141256,Camrin Braun
2016-01-23,22.400000000000002,6.4,17,8.5,34,2.1,1.1,8.5,141256,Camrin Braun
2016-01-25,40.4,6.4,6.4,8.5,29.8,5.3,2.1,1.1,141256,Camrin Braun
2016-01-27,26.8,19.6,17.5,9.3,26.8,0,0,0,141256,Camrin Braun
2016-01-28,40.2,11.299999999999999,6.2,12.4,22.7,1,1,5.2,141256,Camrin Braun
2016-01-30,40.599999999999994,8.4,4.2,16.7,25,1,1,3.1,141256,Camrin Braun
2016-02-01,52,6.2,9.2,12.2,18.4,1,1,0,141256,Camrin Braun
2016-02-02,29.8,8.6,20.2,22.3,12.8,1.1,1.1,4.300000000000001,141256,Camrin Braun
2016-02-03,26.8,19.5,17.5,29.9,6.2,0,0,0,141256,Camrin Braun
2016-02-04,30.599999999999998,15.8,4.2,31.6,5.3,2.1,2.1,8.4,141256,Camrin Braun
2016-02-05,16.9,14.8,22.1,35.8,6.3,1.1,1.1,2.1,141256,Camrin Braun
2016-02-09,27.1,24,20.8,21.9,4.2,2.1,0,0,141256,Camrin Braun
2016-02-10,30.1,14,20.4,17.2,4.3,3.2,2.2,8.6,141256,Camrin Braun
2016-02-12,36.900000000000006,4.2,2.1,3.2,1.1,2.1,2.1,48.400000000000006,141256,Camrin Braun
2016-02-17,5.4,6.5,4.3,33.3,3.2,2.2,4.3,40.8,141256,Camrin Braun
2016-02-18,10.6,5.300000000000001,4.3,23.4,9.6,3.2,3.2,40.400000000000006,141256,Camrin Braun
2016-02-19,13.7,7.4,4.2,22.1,5.3,8.4,15.8,23.2,141256,Camrin Braun
2016-02-22,12.7,10.6,3.2,17,8.5,3.2,3.2,41.5,141256,Camrin Braun
2016-02-24,66.6,27.099999999999998,2.1,3.1,1,0,0,0,141256,Camrin Braun
2015-10-14,86.6,13.4,0,0,0,0,0,0,141259,Camrin Braun
2015-10-15,85.69999999999999,13.299999999999999,1,0,0,0,0,0,141259,Camrin Braun
2015-10-18,91.80000000000001,7.1,1,0,0,0,0,0,141259,Camrin Braun
2015-10-21,48,38.8,9.2,3.1,1,0,0,0,141259,Camrin Braun
2015-10-22,23.7,29.900000000000002,16.5,14.4,14.4,1,0,0,141259,Camrin Braun
2015-10-25,29.200000000000003,26.1,20.8,8.3,14.6,1,0,0,141259,Camrin Braun
2015-10-28,43.1,17.9,10.5,12.6,9.5,6.3,0,0,141259,Camrin Braun
2015-10-30,46.3,34.8,7.4,6.3,2.1,1.1,2.1,0,141259,Camrin Braun
2015-11-01,11.299999999999999,37.1,17.5,11.3,22.7,0,0,0,141259,Camrin Braun
2015-11-02,26.099999999999998,10.4,19.8,27.1,15.6,1,0,0,141259,Camrin Braun
2015-11-05,36.1,11.299999999999999,17.5,12.4,21.6,1,0,0,141259,Camrin Braun
2015-11-06,27.1,25,16.7,9.4,16.7,5.2,0,0,141259,Camrin Braun
2015-11-08,38.1,25.700000000000003,16.5,13.4,4.1,1,1,0,141259,Camrin Braun
2015-11-09,71.1,21.6,4.1,2.1,1,0,0,0,141259,Camrin Braun
2015-11-10,37.1,30.9,7.2,7.2,10.3,6.2,1,0,141259,Camrin Braun
2015-11-11,35.4,23,13.5,11.5,14.6,2.1,0,0,141259,Camrin Braun
2015-11-12,31.6,25.2,8.4,8.4,15.8,7.4,1.1,2.1,141259,Camrin Braun
2015-11-13,27.1,22.9,14.6,8.3,22.9,4.2,0,0,141259,Camrin Braun
2015-11-14,23.700000000000003,25.8,15.5,12.4,22.7,0,0,0,141259,Camrin Braun
2015-11-15,42.699999999999996,20.8,17.7,10.4,8.3,0,0,0,141259,Camrin Braun
2015-11-19,54.1,14.299999999999999,20.4,8.2,2,1,0,0,141259,Camrin Braun
2015-11-20,55.2,17.7,20.8,4.2,2.1,0,0,0,141259,Camrin Braun
2015-11-21,64.2,10.2,14.3,6.1,5.1,0,0,0,141259,Camrin Braun
2015-11-23,39.8,24.5,25.5,9.2,1,0,0,0,141259,Camrin Braun
2015-11-27,46.300000000000004,11.6,13.7,14.7,12.6,1.1,0,0,141259,Camrin Braun
2015-12-02,14.8,14.8,30.5,29.5,5.3,4.2,1.1,0,141259,Camrin Braun
2015-12-06,43.300000000000004,16.5,24.7,11.3,1,2.1,1,0,141259,Camrin Braun
2015-12-07,24.2,13.7,31.6,24.2,4.2,2.1,0,0,141259,Camrin Braun
2015-12-11,36,8.3,21.6,16.5,12.4,5.2,0,0,141259,Camrin Braun
2015-12-12,56.2,5.2,4.2,14.6,17.7,2.1,0,0,141259,Camrin Braun
2015-12-13,50.5,10.3,11.3,7.2,10.3,9.3,1,0,141259,Camrin Braun
2015-12-14,85.39999999999999,7.300000000000001,4.2,1,2.1,0,0,0,141259,Camrin Braun
2015-12-16,87.6,7.199999999999999,3.1,2.1,0,0,0,0,141259,Camrin Braun
2015-12-17,72.6,3.2,3.2,8.4,3.2,4.2,5.3,0,141259,Camrin Braun
2015-12-20,20.700000000000003,6.199999999999999,19.6,24.7,9.3,8.2,11.3,0,141259,Camrin Braun
2015-12-21,32.3,7.300000000000001,12.5,25,6.3,10.4,3.1,3.1,141259,Camrin Braun
2015-12-25,21.1,4.300000000000001,9.5,31.6,11.6,11.6,10.5,0,141259,Camrin Braun
2015-12-26,9.5,3.2,16.8,29.5,12.6,14.7,7.4,6.3,141259,Camrin Braun
2015-12-27,21.700000000000003,5.1,13.4,29.9,9.3,14.4,6.2,0,141259,Camrin Braun
2015-12-31,19.8,11.4,15.6,26,5.2,12.5,9.4,0,141259,Camrin Braun
2016-01-04,21.8,4.1,7.3,26,9.4,11.5,10.4,9.4,141259,Camrin Braun
2016-01-05,19,6.4,9.5,29.5,9.5,11.6,9.5,5.3,141259,Camrin Braun
2016-01-06,13.7,5.300000000000001,8.4,23.2,9.5,10.5,16.8,12.6,141259,Camrin Braun
2016-01-07,23.2,8.5,8.4,21.1,9.5,6.3,11.6,11.6,141259,Camrin Braun
2016-01-09,29.1,7.3,7.3,24,7.3,5.2,7.3,12.5,141259,Camrin Braun
2016-01-10,54.800000000000004,5.300000000000001,5.3,15.8,8.4,2.1,3.2,5.3,141259,Camrin Braun
2016-01-12,39.5,3.1,7.3,22.9,17.7,1,2.1,6.2,141259,Camrin Braun
2016-01-15,21.8,4.1,6.3,35.4,7.3,6.3,12.5,6.3,141259,Camrin Braun
2016-01-16,21.200000000000003,3.2,12.8,34,9.6,5.3,7.4,6.4,141259,Camrin Braun
2016-01-17,26,6.2,10.4,28.1,5.2,5.2,4.2,14.6,141259,Camrin Braun
2016-01-19,42.6,12.8,7.4,22.3,2.1,3.2,6.4,3.2,141259,Camrin Braun
2016-01-21,49,6.300000000000001,15.6,14.6,3.1,3.1,4.2,4.2,141259,Camrin Braun
2016-01-23,39,6.300000000000001,5.3,14.7,3.2,4.2,11.6,15.8,141259,Camrin Braun
2016-01-24,39.6,5.2,8.3,16.7,6.3,7.3,8.3,8.3,141259,Camrin Braun
2016-01-26,34.4,2,4.2,32.3,7.3,2.1,6.3,11.5,141259,Camrin Braun
2016-01-27,65.6,2,1,4.2,9.4,3.1,10.4,4.2,141259,Camrin Braun
2016-01-28,55.800000000000004,2.2,1.1,17.9,8.4,4.2,4.2,6.3,141259,Camrin Braun
2016-01-29,45.400000000000006,2,2.1,18.6,8.2,5.2,17.5,1,141259,Camrin Braun
2016-02-02,39.2,2,2.1,22.7,28.9,4.1,1,0,141259,Camrin Braun
2016-02-03,72.5,2,1,7.1,11.2,5.1,1,0,141259,Camrin Braun
2016-02-04,53.6,2,1,13.1,15.2,10.1,4,1,141259,Camrin Braun
2016-02-07,82,2,1,2,3,9,1,0,141259,Camrin Braun
2016-02-10,90.9,3,1,1,1,3,0,0,141259,Camrin Braun
2016-02-11,98,2,0,0,0,0,0,0,141259,Camrin Braun
2016-02-12,81.6,8.2,7.1,3.1,0,0,0,0,141259,Camrin Braun
2016-02-16,70.8,2,1,16.7,2.1,3.1,3.1,1,141259,Camrin Braun
2016-02-17,71.1,2,1,15.5,3.1,1,5.2,1,141259,Camrin Braun
2016-02-19,95,3,1,1,0,0,0,0,141259,Camrin Braun
2016-02-21,90.89999999999999,3,1,2,2,1,0,0,141259,Camrin Braun
2016-02-22,83.8,2,1,5.1,2,2,3,1,141259,Camrin Braun
2016-02-23,91.9,2,1,1,1,2,1,0,141259,Camrin Braun
2016-02-24,72.89999999999999,2,1,3.1,4.2,9.4,6.3,1,141259,Camrin Braun
2016-02-25,50,2,2.1,35.4,5.2,2.1,3.1,0,141259,Camrin Braun
2016-02-26,98,2,0,0,0,0,0,0,141259,Camrin Braun
2016-02-27,89.80000000000001,3,1,1,1,1,2,1,141259,Camrin Braun
2016-03-02,88.80000000000001,2,1,1,2,1,4.1,0,141259,Camrin Braun
2016-03-03,89.7,3.1,1,1,1,3.1,1,0,141259,Camrin Braun
2016-03-04,75.80000000000001,4.2,2.1,4.2,2.1,5.3,6.3,0,141259,Camrin Braun
2016-03-05,70.1,10.4,4.1,4.1,5.2,1,3.1,2.1,141259,Camrin Braun
2016-03-07,90.9,8.1,1,0,0,0,0,0,141259,Camrin Braun
2016-03-09,89.8,2,1,1,3.1,1,1,1,141259,Camrin Braun
2016-03-14,88.69999999999999,4.1,4.1,3.1,0,0,0,0,141259,Camrin Braun
2016-03-16,91.80000000000001,3.1,3.1,2.1,0,0,0,0,141259,Camrin Braun
2016-03-17,32.6,2,3.1,24.5,10.2,18.4,8.2,1,141259,Camrin Braun
2016-03-18,75,2,2.1,8.3,3.1,7.3,2.1,0,141259,Camrin Braun
2016-03-20,46.9,2,2.1,10.4,13.5,10.4,14.6,0,141259,Camrin Braun
2016-03-22,75,2,1,4.2,8.3,5.2,4.2,0,141259,Camrin Braun
2016-03-23,47.3,2.2,4.2,16.8,6.3,16.8,6.3,0,141259,Camrin Braun
2016-03-24,55.1,2,2,19.4,13.3,7.1,1,0,141259,Camrin Braun
2016-03-25,63.5,2,3.1,13.5,4.2,11.5,2.1,0,141259,Camrin Braun
2016-03-28,26.299999999999997,7.4,29.5,29.5,3.2,1.1,3.2,0,141259,Camrin Braun
2016-03-29,26.8,2,11.3,44.3,7.2,4.1,2.1,2,141259,Camrin Braun
2016-03-30,54.7,3.1,15.5,21.6,4.1,1,0,0,141259,Camrin Braun
2016-03-31,63.9,2,10.3,20.6,2.1,1,0,0,141259,Camrin Braun
2016-04-02,41.1,2.2,2.1,21.1,10.5,5.3,14.7,3.2,141259,Camrin Braun
2016-04-03,51.099999999999994,2,4.2,19.8,5.2,4.2,13.5,0,141259,Camrin Braun
2016-04-05,18.8,4.1,15.6,39.6,6.3,6.3,8.3,1,141259,Camrin Braun
2016-04-06,36.1,5.1,16.5,28.9,5.2,1,6.2,1,141259,Camrin Braun
2016-04-08,33.4,11.5,24,17.7,7.3,5.2,1,0,141259,Camrin Braun
2016-04-09,16.7,3.1,13.5,31.3,10.4,10.4,12.5,2.1,141259,Camrin Braun
2016-10-19,65.6,33.4,1,0,0,0,0,0,106754,Camrin Braun
2016-10-22,74.4,25.5,0,0,0,0,0,0,106754,Camrin Braun
2016-10-23,18.299999999999997,80.6,1,0,0,0,0,0,106754,Camrin Braun
2016-10-27,69.4,30.6,0,0,0,0,0,0,106754,Camrin Braun
2016-10-28,55.1,43.9,1,0,0,0,0,0,106754,Camrin Braun
2016-10-29,35,63.900000000000006,1,0,0,0,0,0,106754,Camrin Braun
2016-10-30,20.8,49,20.8,8.3,1,0,0,0,106754,Camrin Braun
2016-10-31,14.600000000000001,37.5,22.9,17.7,7.3,0,0,0,106754,Camrin Braun
2016-11-03,18.4,36.7,35.7,6.1,1,1,1,0,106754,Camrin Braun
2016-11-06,21.9,33.4,22.9,9.4,12.5,0,0,0,106754,Camrin Braun
2016-11-08,27.599999999999998,27.5,29.6,8.2,3.1,1,1,2,106754,Camrin Braun
2016-11-09,23.5,34.7,23.5,10.2,7.1,1,0,0,106754,Camrin Braun
2016-11-11,25,40.7,9.4,15.6,9.4,0,0,0,106754,Camrin Braun
2016-11-12,30.200000000000003,31.2,17.7,14.6,6.3,0,0,0,106754,Camrin Braun
2016-11-14,55.7,8.3,7.2,9.3,18.6,1,0,0,106754,Camrin Braun
2016-11-15,51.6,15.399999999999999,9.3,7.2,15.5,1,0,0,106754,Camrin Braun
2016-11-16,46.9,13.5,16.7,11.5,10.4,1,0,0,106754,Camrin Braun
2016-11-17,19.8,29.1,19.8,15.6,15.6,0,0,0,106754,Camrin Braun
2016-11-19,43.3,11.4,18.6,13.4,12.4,1,0,0,106754,Camrin Braun
2016-11-20,15.4,32.900000000000006,23.7,6.2,21.6,0,0,0,106754,Camrin Braun
2016-11-23,18.5,25.8,14.4,27.8,13.4,0,0,0,106754,Camrin Braun
2016-11-24,21.6,20.6,21.6,16.5,19.6,0,0,0,106754,Camrin Braun
2016-11-25,39.2,15.5,17.5,11.3,16.5,0,0,0,106754,Camrin Braun
2016-11-26,52.6,16.5,7.2,9.3,13.4,1,0,0,106754,Camrin Braun
2016-11-27,61.8,14.5,6.2,9.3,8.2,0,0,0,106754,Camrin Braun
2016-11-29,31.7,19.299999999999997,17.3,19.4,9.2,1,1,1,106754,Camrin Braun
2016-11-30,55.699999999999996,20.6,10.3,11.3,2.1,0,0,0,106754,Camrin Braun
2016-12-01,54,23.4,5.1,8.2,9.2,0,0,0,106754,Camrin Braun
2016-12-02,41.3,22.7,4.1,14.4,17.5,0,0,0,106754,Camrin Braun
2016-12-03,42.3,23.700000000000003,8.2,11.3,14.4,0,0,0,106754,Camrin Braun
2016-12-05,65.6,13.5,6.3,5.2,9.4,0,0,0,106754,Camrin Braun
2016-12-07,67.4,14.7,6.3,7.4,4.2,0,0,0,106754,Camrin Braun
2016-12-09,45.3,20.6,8.2,9.3,16.5,0,0,0,106754,Camrin Braun
2016-12-11,33.3,22.2,11.1,12.1,16.2,1,1,3,106754,Camrin Braun
2016-12-12,50,20.4,9.2,13.3,7.1,0,0,0,106754,Camrin Braun
2016-12-13,37.1,26.8,6.2,11.3,16.5,2.1,0,0,106754,Camrin Braun
2016-12-14,62.6,3.1,5.2,6.3,17.7,4.2,1,0,106754,Camrin Braun
2016-12-16,2,4.1,13.5,33.3,32.3,14.6,0,0,106754,Camrin Braun
2016-12-17,22.9,12.5,12.5,20.8,19.8,11.5,0,0,106754,Camrin Braun
2016-12-18,2,14.6,8.3,21.9,11.5,2.1,5.2,34.4,106754,Camrin Braun
2016-12-19,3.2,14.899999999999999,6.4,20.2,11.7,2.1,1.1,40.4,106754,Camrin Braun
2016-12-21,12.5,21.9,6.3,10.4,4.2,1,2.1,41.6,106754,Camrin Braun
2016-12-22,6.2,21.9,12.5,11.5,4.2,3.1,3.1,37.5,106754,Camrin Braun
2016-12-23,28.299999999999997,34.4,24.2,10.1,1,1,1,0,106754,Camrin Braun
2016-12-24,3.1,12.3,19.6,22.7,2.1,1,1,38.1,106754,Camrin Braun
2016-12-25,11.5,29.2,12.5,4.2,2.1,2.1,3.1,35.4,106754,Camrin Braun
2016-12-27,8.5,27.700000000000003,14.9,12.8,2.1,2.1,2.1,29.8,106754,Camrin Braun
2016-12-28,14.8,27.4,12.6,16.8,1.1,1.1,1.1,25.3,106754,Camrin Braun
2016-12-29,16.6,24,13.5,13.5,3.1,2.1,2.1,25,106754,Camrin Braun
2016-12-30,7.4,31.6,9.5,4.2,4.2,3.2,3.2,36.9,106754,Camrin Braun
2016-12-31,19.4,22.4,10.2,14.3,1,1,1,30.6,106754,Camrin Braun
2017-01-01,11.600000000000001,17.9,14.7,8.4,2.1,3.2,3.2,39,106754,Camrin Braun
2017-01-02,2.2,14.7,17.9,15.8,3.2,2.1,1.1,43.1,106754,Camrin Braun
2017-01-03,5.300000000000001,14.7,16.8,20,1.1,5.3,6.3,30.5,106754,Camrin Braun
2017-01-04,1,9.2,18.4,22.4,5.1,2,4.1,37.7,106754,Camrin Braun
2017-01-07,6.4,11.6,6.3,17.9,11.6,2.1,5.3,38.9,106754,Camrin Braun
2017-01-08,2,7.199999999999999,10.2,26.5,13.3,6.1,23.5,11.2,106754,Camrin Braun
2017-01-09,2,5,9.1,21.2,22.2,10.1,11.1,19.2,106754,Camrin Braun
2017-01-10,3.1,2,7.2,23.7,21.6,17.5,7.2,17.5,106754,Camrin Braun
2017-01-11,2,2,6.1,24.2,23.2,14.1,12.1,16.2,106754,Camrin Braun
2017-01-12,32.3,6.2,8.3,18.8,16.7,14.6,3.1,0,106754,Camrin Braun
2017-01-13,27.5,3,5.1,12.2,31.6,15.3,5.1,0,106754,Camrin Braun
2017-01-14,21.8,6.2,9.4,13.5,27.1,13.5,8.3,0,106754,Camrin Braun
2017-01-15,20,2.2,4.2,14.7,27.4,9.5,12.6,9.5,106754,Camrin Braun
2017-01-16,12.7,4.300000000000001,6.4,22.3,25.5,16,11.7,1.1,106754,Camrin Braun
2017-01-18,28.5,3.2,6.3,16.8,26.3,11.6,2.1,5.3,106754,Camrin Braun
2017-01-19,5.300000000000001,4.300000000000001,6.3,22.1,25.3,12.6,15.8,8.4,106754,Camrin Braun
2017-01-21,10.7,4.300000000000001,5.3,20.2,22.3,7.4,4.3,25.5,106754,Camrin Braun
2017-01-23,22.1,7.4,5.3,22.1,18.9,4.2,14.7,5.3,106754,Camrin Braun
2017-01-24,6.300000000000001,4.2,9.4,27.1,18.8,20.8,9.4,4.2,106754,Camrin Braun
2017-01-27,23.200000000000003,6.300000000000001,5.3,18.9,20,22.1,1.1,3.2,106754,Camrin Braun
2017-01-28,8.3,7.3,6.3,20.8,22.9,22.9,10.4,1,106754,Camrin Braun
2017-01-30,4.1,10.3,8.2,23.7,16.5,32,3.1,2.1,106754,Camrin Braun
2017-01-31,7.2,4.1,10.3,21.6,22.7,26.8,5.2,2.1,106754,Camrin Braun
2017-02-01,8.1,13.1,7.1,19.2,19.2,32.3,1,0,106754,Camrin Braun
2017-02-02,7.2,10.3,7.2,21.6,20.6,30.9,2.1,0,106754,Camrin Braun
2017-02-03,7.1,14.3,7.1,19.4,22.4,28.6,1,0,106754,Camrin Braun
2017-02-05,8.3,8.3,8.3,25,22.9,26,1,0,106754,Camrin Braun
2017-02-06,9.5,9.5,10.5,17.9,22.1,29.5,1.1,0,106754,Camrin Braun
2017-02-07,15.6,11.4,4.2,20.8,21.9,24,2.1,0,106754,Camrin Braun
2017-02-08,12.3,7.2,7.2,23.7,22.7,26.8,0,0,106754,Camrin Braun
2017-02-09,10.4,10.4,6.3,25,20.8,26,1,0,106754,Camrin Braun
2017-02-10,6.1,3,10.2,28.6,25.5,23.5,1,2,106754,Camrin Braun
2017-02-11,14.4,9.2,6.2,26.8,20.6,21.6,1,0,106754,Camrin Braun
2017-02-12,8.3,7.3,7.3,31.3,20.8,25,0,0,106754,Camrin Braun
2017-02-14,5.2,4.1,11.5,37.5,13.5,28.1,0,0,106754,Camrin Braun
2017-02-15,9.5,5.300000000000001,8.4,36.8,11.6,22.1,2.1,4.300000000000001,106754,Camrin Braun
2017-02-17,9.3,7.3,12.5,29.2,12.5,27.1,2.1,0,106754,Camrin Braun
2017-02-19,8.5,5.300000000000001,8.5,38.3,9.6,25.5,4.3,0,106754,Camrin Braun
2017-02-20,21.200000000000003,10.7,7.4,29.8,6.4,17,7.4,0,106754,Camrin Braun
2017-02-22,50,7.300000000000001,7.3,33.3,2.1,0,0,0,106754,Camrin Braun
2017-02-24,19.6,7.199999999999999,9.3,43.3,8.2,10.3,2.1,0,106754,Camrin Braun
2017-02-25,19.8,9.4,12.5,34.4,9.4,13.5,1,0,106754,Camrin Braun
2017-02-27,15.3,7.1,13.3,34.7,7.1,12.2,9.2,1,106754,Camrin Braun
2017-02-28,18.7,14.6,8.3,25,10.4,13.5,9.4,0,106754,Camrin Braun
2017-03-02,23.400000000000002,8.5,8.5,29.8,11.7,12.8,5.3,0,106754,Camrin Braun
2017-03-04,23.200000000000003,7.4,10.5,28.4,7.4,16.8,6.3,0,106754,Camrin Braun
2017-03-05,26,5.2,11.5,27.1,8.3,18.8,2.1,1,106754,Camrin Braun
2017-03-06,16.5,7.300000000000001,6.2,32,11.3,16.5,10.3,0,106754,Camrin Braun
2017-03-09,17.5,6.2,10.3,25.8,15.5,21.6,3.1,0,106754,Camrin Braun
2017-03-10,9.2,2,11.2,32.7,17.3,23.5,4.1,0,106754,Camrin Braun
2017-03-11,16.3,3,9.2,33.7,15.3,17.3,5.1,0,106754,Camrin Braun
2017-03-13,10.4,3.1,11.5,29.2,17.7,18.8,9.4,0,106754,Camrin Braun
2017-03-16,15.3,4.1,11.2,38.8,17.3,11.2,1,1,106754,Camrin Braun
2017-03-17,15.3,3,11.2,32.7,19.4,15.3,1,2,106754,Camrin Braun
2017-03-19,14.4,7.2,14.4,26.8,9.3,20.6,6.2,1,106754,Camrin Braun
2017-03-20,12.5,13.6,13.5,21.9,11.5,24,3.1,0,106754,Camrin Braun
2017-03-21,12.7,8.5,14.7,28.4,7.4,21.1,7.4,0,106754,Camrin Braun
2017-03-22,9.2,9.2,16.3,28.6,7.1,27.6,2,0,106754,Camrin Braun
2017-03-24,21,11.600000000000001,8.4,20,8.4,16.8,13.7,0,106754,Camrin Braun
2017-03-25,20.6,9.3,8.2,21.6,14.4,14.4,11.3,0,106754,Camrin Braun
2017-03-27,25.3,9.5,8.4,20,9.5,17.9,9.5,0,106754,Camrin Braun
2017-03-29,30.3,17.7,5.2,16.7,9.4,8.3,12.5,0,106754,Camrin Braun
2017-03-30,20.8,18.700000000000003,7.3,20.8,9.4,6.3,16.7,0,106754,Camrin Braun
2017-04-01,26,12.6,6.3,19.8,11.5,20.8,3.1,0,106754,Camrin Braun
2017-04-02,16.8,7.4,6.3,26.3,14.7,20,8.4,0,106754,Camrin Braun
2017-04-03,25.299999999999997,12.7,7.4,23.2,13.7,10.5,7.4,0,106754,Camrin Braun
2017-04-05,62.599999999999994,4.1,3.1,13.5,10.4,6.3,0,0,106754,Camrin Braun
2017-04-06,100,0,0,0,0,0,0,0,106754,Camrin Braun
2017-04-07,100,0,0,0,0,0,0,0,106754,Camrin Braun
2017-04-08,100,0,0,0,0,0,0,0,106754,Camrin Braun
2016-08-26,81.6,18.3,0,0,0,0,0,0,133016,Camrin Braun
2016-08-27,67.4,31.6,1,0,0,0,0,0,133016,Camrin Braun
2016-08-30,90.8,8.2,1,0,0,0,0,0,133016,Camrin Braun
2016-09-03,88.8,7.199999999999999,3.1,1,0,0,0,0,133016,Camrin Braun
2016-09-10,49.5,39.2,10.3,1,0,0,0,0,133016,Camrin Braun
2016-09-18,42.4,25.299999999999997,9.1,13.1,9.1,1,0,0,133016,Camrin Braun
2016-09-19,25.8,27.8,15.5,20.6,10.3,0,0,0,133016,Camrin Braun
2016-09-23,41.2,19.6,11.3,13.4,13.4,1,0,0,133016,Camrin Braun
2016-09-24,34.4,19.8,14.6,17.7,13.5,0,0,0,133016,Camrin Braun
2016-09-25,40.6,18.7,18.8,14.6,7.3,0,0,0,133016,Camrin Braun
2016-09-28,38.5,25,10.4,15.6,10.4,0,0,0,133016,Camrin Braun
2016-09-30,67,13.4,3.1,7.2,7.2,2.1,0,0,133016,Camrin Braun
2016-10-02,32.7,41.1,11.6,12.6,2.1,0,0,0,133016,Camrin Braun
2016-10-05,46.900000000000006,16.6,15.6,12.5,8.3,0,0,0,133016,Camrin Braun
2016-10-08,36.7,24.5,19.4,11.2,8.2,0,0,0,133016,Camrin Braun
2016-10-09,47.400000000000006,26.8,9.3,10.3,3.1,1,1,1,133016,Camrin Braun
2016-10-18,39.6,26.1,8.3,11.5,12.5,2.1,0,0,133016,Camrin Braun
2016-10-19,50,7.300000000000001,6.3,17.7,13.5,4.2,1,0,133016,Camrin Braun
2016-10-23,72.9,15.7,5.2,2.1,4.2,0,0,0,133016,Camrin Braun
2016-10-24,91.6,3.1,2.1,1,2.1,0,0,0,133016,Camrin Braun
2016-10-27,36,32,20.6,7.2,3.1,1,0,0,133016,Camrin Braun
2016-10-29,30.2,17.8,10.4,10.4,9.4,7.3,11.5,3.1,133016,Camrin Braun
2016-10-31,22.900000000000002,14.6,9.4,10.4,11.5,12.5,15.6,3.1,133016,Camrin Braun
2016-11-03,68.7,16.2,8.1,3,1,1,1,1,133016,Camrin Braun
2016-11-04,63.900000000000006,9.3,18.6,6.2,1,1,0,0,133016,Camrin Braun
2016-11-06,32.300000000000004,17.700000000000003,7.3,28.1,6.3,7.3,1,0,133016,Camrin Braun
2016-11-09,25.9,18.3,3.2,11.8,21.5,3.2,4.3,11.8,133016,Camrin Braun
2016-11-10,29.4,13.7,6.3,15.8,18.9,1.1,1.1,13.7,133016,Camrin Braun
2016-11-11,39.599999999999994,15.7,5.2,14.6,21.9,1,1,1,133016,Camrin Braun
2016-11-21,28.700000000000003,4.300000000000001,6.4,14.9,26.6,4.3,2.1,12.799999999999999,133016,Camrin Braun
2016-11-24,67.3,25.5,5.1,1,1,0,0,0,133016,Camrin Braun
2016-11-29,34.1,20.6,28.9,6.2,6.2,4.1,0,0,133016,Camrin Braun
2016-12-01,40.2,21.6,14.4,15.5,7.2,1,0,0,133016,Camrin Braun
2016-12-03,40.2,12.4,14.4,23.7,8.2,1,0,0,133016,Camrin Braun
2016-12-05,68,15.5,7.2,8.2,1,0,0,0,133016,Camrin Braun
2016-12-06,9.3,8.3,26.8,35.1,11.3,8.2,1,0,133016,Camrin Braun
2016-12-07,23,22.9,21.9,20.8,4.2,7.3,0,0,133016,Camrin Braun
2016-12-08,23.9,27.1,14.6,19.8,13.5,1,0,0,133016,Camrin Braun
2016-12-09,38.1,38.2,11.3,10.3,2.1,0,0,0,133016,Camrin Braun
2016-12-11,29.6,25.5,16.3,18.4,10.2,0,0,0,133016,Camrin Braun
2016-12-12,50.6,19.6,6.2,19.6,3.1,1,0,0,133016,Camrin Braun
2016-12-14,29.9,4.1,34,25.8,4.1,1,1,0,133016,Camrin Braun
2016-12-16,77.6,16.4,4.1,2,0,0,0,0,133016,Camrin Braun
2016-12-22,19.8,20.8,14.6,36.5,7.3,1,0,0,133016,Camrin Braun
2016-12-31,79.60000000000001,10.2,6.1,4.1,0,0,0,0,133016,Camrin Braun
2017-01-02,51.1,13.600000000000001,10.4,19.8,4.2,1,0,0,133016,Camrin Braun
2017-01-04,33.3,2,3.1,58.3,3.1,0,0,0,133016,Camrin Braun
2017-01-06,22.6,3.1,5.2,37.1,26.8,5.2,0,0,133016,Camrin Braun
2017-01-08,40.8,8.2,6.1,20.4,23.5,1,0,0,133016,Camrin Braun
2017-01-09,40.2,9.3,3.1,20.6,25.8,1,0,0,133016,Camrin Braun
2017-01-11,19.6,6.199999999999999,8.2,18.6,35.1,11.3,1,0,133016,Camrin Braun
2017-01-14,77.3,9.3,2.1,3.1,7.2,1,0,0,133016,Camrin Braun
2017-01-15,16.7,6.300000000000001,3.1,24,30.2,19.8,0,0,133016,Camrin Braun
2017-01-16,80.4,13.4,2.1,2.1,1,1,0,0,133016,Camrin Braun
2017-01-17,47.900000000000006,9.4,8.3,10.4,8.3,14.6,1,0,133016,Camrin Braun
2017-01-19,41.6,9.4,6.3,7.3,14.6,20.8,0,0,133016,Camrin Braun
2017-01-26,30.6,10.5,7.4,4.2,18.9,21.1,7.4,0,133016,Camrin Braun
2017-01-31,33.3,5.2,3.1,10.4,11.5,18.8,17.7,0,133016,Camrin Braun
2017-02-06,20.8,3.1,1,19.8,38.5,12.5,1,3,133016,Camrin Braun
2017-02-08,5,2,1,30,59,3,0,0,133016,Camrin Braun
2017-02-11,16.2,2,1,15.2,50.5,13.1,1,1,133016,Camrin Braun
2017-02-16,13.7,12.7,9.5,14.7,42.1,7.4,0,0,133016,Camrin Braun
2017-02-19,40,17.9,10.5,16.8,11.6,3.2,0,0,133016,Camrin Braun
2017-02-21,30.6,22.5,6.1,29.6,11.2,0,0,0,133016,Camrin Braun
2016-08-28,86.9,13.1,0,0,0,0,0,0,133017,Camrin Braun
2016-09-05,93.9,6.1,0,0,0,0,0,0,133017,Camrin Braun
2016-09-08,94,6.1,0,0,0,0,0,0,133017,Camrin Braun
2016-09-10,93.9,5,1,0,0,0,0,0,133017,Camrin Braun
2016-09-13,75.6,20.400000000000002,3.1,1,0,0,0,0,133017,Camrin Braun
2016-09-14,79,18,2,1,0,0,0,0,133017,Camrin Braun
2016-09-15,96,2,1,1,0,0,0,0,133017,Camrin Braun
2016-09-18,93.9,5.1,1,0,0,0,0,0,133017,Camrin Braun
2016-09-19,92,5,2,1,0,0,0,0,133017,Camrin Braun
2016-09-20,84.6,13.4,2.1,0,0,0,0,0,133017,Camrin Braun
2016-09-21,90.7,8.2,1,0,0,0,0,0,133017,Camrin Braun
2016-09-25,90.9,8.1,1,0,0,0,0,0,133017,Camrin Braun
2016-09-26,82.6,14.299999999999999,2,1,0,0,0,0,133017,Camrin Braun
2016-09-27,89.80000000000001,9.1,1,0,0,0,0,0,133017,Camrin Braun
2016-09-30,91.89999999999999,8.1,0,0,0,0,0,0,133017,Camrin Braun
2016-10-02,83.7,16.3,0,0,0,0,0,0,133017,Camrin Braun
2016-10-15,39.1,20.6,13.4,5.2,18.6,1,1,1,133017,Camrin Braun
2016-10-17,63.9,8.3,8.2,4.1,7.2,4.1,1,3,133017,Camrin Braun
2016-10-21,12.5,12.5,17.7,24,22.9,10.4,0,0,133017,Camrin Braun
2016-10-22,69.5,12.600000000000001,4.2,3.2,10.5,0,0,0,133017,Camrin Braun
2016-10-23,30.900000000000002,16.5,12.4,16.5,22.7,1,0,0,133017,Camrin Braun
2016-10-26,2.2,16.900000000000002,36.8,10.5,12.6,20,1.1,0,133017,Camrin Braun
2016-10-28,46.3,16.9,11.6,11.6,10.5,3.2,0,0,133017,Camrin Braun
2016-10-29,28.4,27.4,16.8,8.4,17.9,1.1,0,0,133017,Camrin Braun
2016-10-30,7.300000000000001,28.900000000000002,24.7,5.2,12.4,19.6,1,1,133017,Camrin Braun
2016-10-31,6.4,27.400000000000002,20,14.7,12.6,10.5,5.3,3.2,133017,Camrin Braun
2016-11-01,8.4,12.5,39.6,11.5,19.8,8.3,0,0,133017,Camrin Braun
2016-11-02,25,9.4,31.3,8.3,24,2.1,0,0,133017,Camrin Braun
2016-11-03,39.400000000000006,16,25.5,4.3,7.4,5.3,1.1,1.1,133017,Camrin Braun
2016-11-04,37.099999999999994,23.7,13.4,6.2,12.4,5.2,1,1,133017,Camrin Braun
2016-11-06,14.8,13.7,17.9,20,13.7,17.9,2.1,0,133017,Camrin Braun
2016-11-10,40.5,15.899999999999999,16,17,6.4,4.3,0,0,133017,Camrin Braun
2016-11-17,11.4,15.600000000000001,36.5,21.9,8.3,5.2,1,0,133017,Camrin Braun
2016-11-20,25,19.8,20.8,14.6,11.5,8.3,0,0,133017,Camrin Braun
2016-11-25,53.6,22.700000000000003,14.4,3.1,6.2,0,0,0,133017,Camrin Braun
2016-11-26,25.8,6.2,40.2,13.4,10.3,4.1,0,0,133017,Camrin Braun
2016-11-27,40.4,19.2,15.2,15.2,9.1,1,0,0,133017,Camrin Braun
2016-11-29,29.5,28.4,24.2,6.3,8.4,3.2,0,0,133017,Camrin Braun
2016-11-30,15.7,21.9,28.1,16.7,4.2,12.5,1,0,133017,Camrin Braun
2016-12-02,9.3,14.4,15.5,29.9,17.5,7.2,2.1,4.1,133017,Camrin Braun
2016-12-04,8.4,16.7,24,33.3,5.2,9.4,2.1,1,133017,Camrin Braun
2016-12-05,21.3,25.5,21.3,8.5,4.3,11.7,4.3,3.3000000000000003,133017,Camrin Braun
2016-12-06,20.6,10.3,26.8,28.9,7.2,5.2,1,0,133017,Camrin Braun
2016-12-07,9.4,10.4,31.3,27.1,17.7,3.1,1,0,133017,Camrin Braun
2016-12-09,20,23.1,11.6,27.4,15.8,2.1,0,0,133017,Camrin Braun
2016-12-10,14.600000000000001,10.4,31.3,33.3,7.3,3.1,0,0,133017,Camrin Braun
2016-12-11,28.7,9.600000000000001,30.9,21.3,7.4,2.1,0,0,133017,Camrin Braun
2016-12-17,54.099999999999994,6.1,6.1,18.4,15.3,0,0,0,133017,Camrin Braun
2016-12-21,13.5,17.700000000000003,21.9,31.3,11.5,4.2,0,0,133017,Camrin Braun
2016-12-22,13.7,26.299999999999997,14.7,33.7,4.2,3.2,1.1,3.2,133017,Camrin Braun
2016-12-24,19.2,12.2,13.1,43.4,6.1,5.1,1,0,133017,Camrin Braun
2016-12-26,33,25.5,13.8,18.1,7.4,2.1,0,0,133017,Camrin Braun
2016-12-31,70.1,17.5,1,4.1,7.2,0,0,0,133017,Camrin Braun
2017-01-02,79.4,10.299999999999999,3.1,6.2,1,0,0,0,133017,Camrin Braun
2017-01-03,76.6,4.300000000000001,1.1,3.2,5.3,5.3,1.1,3.2,133017,Camrin Braun
2017-01-04,17,3.2,10.6,25.5,21.3,20.2,2.1,0,133017,Camrin Braun
2017-01-05,63.2,4.2,2.1,2.1,12.6,13.7,2.1,0,133017,Camrin Braun
2017-01-06,49,4.2,4.2,14.6,17.7,7.3,2.1,1,133017,Camrin Braun
2017-01-07,25,6.2,6.3,28.1,22.9,10.4,1,0,133017,Camrin Braun
2017-01-08,66.4,3,1,3.1,15.3,10.2,1,0,133017,Camrin Braun
2017-01-10,66.7,4.1,1,2.1,13.5,7.3,5.2,0,133017,Camrin Braun
2017-01-12,55.599999999999994,2,1,2,21.2,14.1,4,0,133017,Camrin Braun
2017-01-14,52.599999999999994,6.300000000000001,2.1,14.7,9.5,7.4,7.4,0,133017,Camrin Braun
2017-01-15,11.3,2,2.1,46.4,27.8,5.2,4.1,1,133017,Camrin Braun
2017-01-17,48.5,4.300000000000001,2.1,10.5,30.5,3.2,1.1,0,133017,Camrin Braun
2017-01-18,10.7,13.8,12.8,31.9,9.6,7.4,8.5,5.4,133017,Camrin Braun
2017-01-23,19.1,7.5,12.8,19.1,20.2,10.6,6.4,4.3,133017,Camrin Braun
2017-01-24,52.1,7.300000000000001,5.2,18.8,9.4,5.2,1,1,133017,Camrin Braun
2017-02-02,57.300000000000004,13.6,10.4,9.4,9.4,0,0,0,133017,Camrin Braun
2017-02-05,23,15.600000000000001,5.2,24,21.9,9.4,1,0,133017,Camrin Braun
2017-02-06,39.2,12.299999999999999,6.2,9.3,28.9,3.1,1,0,133017,Camrin Braun
2017-02-07,2,7,14,28,35,13,1,0,133017,Camrin Braun
2017-02-11,17.7,20.9,8.3,31.3,20.8,1,0,0,133017,Camrin Braun
2017-02-16,20.9,30.3,9.4,7.3,29.2,3.1,0,0,133017,Camrin Braun
2017-02-17,57.3,18.700000000000003,3.1,13.5,4.2,3.1,0,0,133017,Camrin Braun
2017-02-18,35.4,19.8,6.3,24,11.5,3.1,0,0,133017,Camrin Braun
2017-02-20,67.30000000000001,7.1,9.2,15.3,1,0,0,0,133017,Camrin Braun
2017-02-21,62.599999999999994,14.1,3,20.2,0,0,0,0,133017,Camrin Braun
2017-02-23,11.600000000000001,26.299999999999997,12.6,10.5,20,8.4,7.4,3.2,133017,Camrin Braun
2016-09-12,90.8,7.1,1,1,0,0,0,0,133018,Camrin Braun
2016-09-13,84.8,14.2,1,0,0,0,0,0,133018,Camrin Braun
2016-09-14,53,45.9,1,0,0,0,0,0,133018,Camrin Braun
2016-09-16,63.6,35.3,1,0,0,0,0,0,133018,Camrin Braun
2016-09-18,32,67,1,0,0,0,0,0,133018,Camrin Braun
2016-09-19,73.4,26.5,0,0,0,0,0,0,133018,Camrin Braun
2016-09-20,47.5,51.5,1,0,0,0,0,0,133018,Camrin Braun
2016-09-21,53,46,1,0,0,0,0,0,133018,Camrin Braun
2016-09-24,58.1,38.8,3.1,0,0,0,0,0,133018,Camrin Braun
2016-09-26,66.3,25.5,8.2,0,0,0,0,0,133018,Camrin Braun
2016-09-28,80.8,18.2,1,0,0,0,0,0,133018,Camrin Braun
2016-09-30,63.6,35.3,1,0,0,0,0,0,133018,Camrin Braun
2016-10-03,10.299999999999999,18.6,37.1,19.6,14.4,0,0,0,133018,Camrin Braun
2016-10-04,2,24.5,28.6,22.4,22.4,0,0,0,133018,Camrin Braun
2016-10-05,6.2,26.8,32,9.3,25.8,0,0,0,133018,Camrin Braun
2016-10-06,10.2,19.4,22.4,8.2,35.7,2,1,1,133018,Camrin Braun
2016-10-08,12.5,44.8,20.8,5.2,15.6,1,0,0,133018,Camrin Braun
2016-10-09,13.2,33.599999999999994,13.3,7.1,31.6,1,0,0,133018,Camrin Braun
2016-10-10,11.299999999999999,28.9,18.6,7.2,27.8,5.2,1,0,133018,Camrin Braun
2016-10-12,3.1,3.1,4.2,36.5,6.3,2.1,3.1,41.7,133018,Camrin Braun
2016-10-13,2,6.1,9.2,24.5,9.2,2,2,44.9,133018,Camrin Braun
2016-10-14,3.1,2,22.7,20.6,1,1,5.2,44.300000000000004,133018,Camrin Braun
2016-10-15,0,1,11.2,27.6,9.2,2,3.1,45.9,133018,Camrin Braun
2016-10-17,5.1,4.1,8.2,32.7,8.2,9.2,2,30.6,133018,Camrin Braun
2016-10-18,0,2.1,8.2,30.9,8.2,1,1,48.5,133018,Camrin Braun
2016-10-19,6.2,15.600000000000001,25,19.8,1,10.4,3.1,18.8,133018,Camrin Braun
2016-10-24,4.300000000000001,13.7,18.9,12.6,3.2,28.4,5.3,13.7,133018,Camrin Braun
2016-10-25,6.2,8.2,13.4,26.8,2.1,16.5,3.1,23.7,133018,Camrin Braun
2016-10-31,6.1,10.2,15.3,29.6,4.1,33.7,1,0,133018,Camrin Braun
2016-11-01,11.5,7.300000000000001,19.8,35.4,6.3,16.7,1,2.1,133018,Camrin Braun
2016-11-03,17.7,3.1,8.3,21.9,13.5,18.8,1,15.6,133018,Camrin Braun
2016-11-04,6.4,3.2,3.2,26.3,14.7,27.4,12.6,6.3,133018,Camrin Braun
2016-11-05,8.4,9.4,6.3,28.1,11.5,19.8,10.4,6.3,133018,Camrin Braun
2016-11-07,14.600000000000001,6.2,3.1,32.3,14.6,22.9,2.1,4.2,133018,Camrin Braun
2016-11-08,6.300000000000001,3.1,4.2,33.3,14.6,16.7,7.3,14.600000000000001,133018,Camrin Braun
2016-11-09,6.2,2,1,28.9,24.7,28.9,1,7.2,133018,Camrin Braun
2016-11-10,22.9,11.5,4.2,14.6,35.4,10.4,1,0,133018,Camrin Braun
2016-11-11,9.4,11.5,3.1,10.4,40.6,22.9,1,1,133018,Camrin Braun
2016-11-13,19.1,4.2,4.3,5.3,46.8,19.1,1.1,0,133018,Camrin Braun
2016-11-14,16.6,2,2.1,4.2,27.1,45.8,2.1,0,133018,Camrin Braun
2016-11-15,23.2,3.2,3.2,6.3,40,22.1,2.1,0,133018,Camrin Braun
2016-11-17,15.7,3.1,4.2,8.3,35.4,30.2,3.1,0,133018,Camrin Braun
2016-11-18,4,5.1,6.1,12.2,42.9,28.6,1,0,133018,Camrin Braun
2016-11-19,18.9,2.2,2.1,11.6,31.6,28.4,5.3,0,133018,Camrin Braun
2016-11-20,10.6,4.2,2.1,10.5,32.6,35.8,4.2,0,133018,Camrin Braun
2016-11-21,11.5,7.3,4.2,12.5,30.2,29.2,5.2,0,133018,Camrin Braun
2016-11-22,12.4,7.2,5.2,32,19.6,23.7,0,0,133018,Camrin Braun
2016-11-23,16.8,3.2,3.2,13.7,25.3,34.7,3.2,0,133018,Camrin Braun
2016-11-24,7.300000000000001,4.1,9.4,21.9,22.9,34.4,0,0,133018,Camrin Braun
2016-11-25,14.299999999999999,4.1,3.1,19.4,24.5,34.7,0,0,133018,Camrin Braun
2016-11-26,13.4,3.1,3.1,27.8,16.5,36.1,0,0,133018,Camrin Braun
2016-11-27,3,7.1,9.1,27.3,21.2,31.3,1,0,133018,Camrin Braun
2016-11-28,7.300000000000001,16.7,11.5,37.5,18.8,8.3,0,0,133018,Camrin Braun
2016-11-30,6.2,7.3,8.3,35.4,18.8,21.9,1,1,133018,Camrin Braun
2016-12-01,5.2,4.1,8.3,37.5,9.4,35.4,0,0,133018,Camrin Braun
2016-12-03,11.4,10.299999999999999,12.4,32,7.2,26.8,0,0,133018,Camrin Braun
2016-12-05,2,8.3,7.2,39.2,13.4,29.9,0,0,133018,Camrin Braun
2016-12-06,4.1,15.7,6.3,33.3,9.4,31.3,0,0,133018,Camrin Braun
2016-12-07,4.1,17.5,8.2,27.8,16.5,25.8,0,0,133018,Camrin Braun
2016-12-08,10.5,8.5,9.5,32.6,8.4,30.5,0,0,133018,Camrin Braun
2016-12-10,0,9.2,12.2,37.8,11.2,29.6,0,0,133018,Camrin Braun
2016-12-11,2,6.1,12.2,38.8,12.2,28.6,0,0,133018,Camrin Braun
2016-12-14,2,4,14.1,43.4,14.1,22.2,0,0,133018,Camrin Braun
2016-12-16,4,10.1,12.1,33.3,15.2,23.2,1,1,133018,Camrin Braun
2016-12-19,3.1,14.5,14.6,28.1,10.4,29.2,0,0,133018,Camrin Braun
2016-12-20,4.1,19.6,12.4,25.8,10.3,27.8,0,0,133018,Camrin Braun
2016-12-21,2,23,14,29,22,10,0,0,133018,Camrin Braun
2016-12-22,2,16.5,11.3,30.9,17.5,21.6,0,0,133018,Camrin Braun
2016-12-23,6.300000000000001,14.5,13.5,24,17.7,24,0,0,133018,Camrin Braun
2016-12-24,2,17.5,14.4,23.7,9.3,33,0,0,133018,Camrin Braun
2016-12-25,3,14.3,15.3,24.5,16.3,26.5,0,0,133018,Camrin Braun
2016-12-26,8.2,9.2,10.3,30.9,17.5,23.7,0,0,133018,Camrin Braun
2016-12-28,100,0,0,0,0,0,0,0,133018,Camrin Braun
2016-12-29,100,0,0,0,0,0,0,0,133018,Camrin Braun
2016-12-30,100,0,0,0,0,0,0,0,133018,Camrin Braun
2016-12-31,100,0,0,0,0,0,0,0,133018,Camrin Braun
2016-08-28,89.80000000000001,9.1,1,0,0,0,0,0,133021,Camrin Braun
2016-08-29,85.8,14.1,0,0,0,0,0,0,133021,Camrin Braun
2016-08-30,64.30000000000001,35.8,0,0,0,0,0,0,133021,Camrin Braun
2016-09-01,68.7,30.299999999999997,1,0,0,0,0,0,133021,Camrin Braun
2016-09-03,85.7,13.299999999999999,1,0,0,0,0,0,133021,Camrin Braun
2016-09-04,95.9,4.1,0,0,0,0,0,0,133021,Camrin Braun
2016-09-05,86.9,12.1,1,0,0,0,0,0,133021,Camrin Braun
2016-09-06,94.9,5.1,0,0,0,0,0,0,133021,Camrin Braun
2016-09-07,95.89999999999999,3,1,0,0,0,0,0,133021,Camrin Braun
2016-09-10,96,3,1,0,0,0,0,0,133021,Camrin Braun
2016-09-11,86.7,11.2,2,0,0,0,0,0,133021,Camrin Braun
2016-09-12,93.89999999999999,5.1,1,0,0,0,0,0,133021,Camrin Braun
2016-09-13,60.2,32.6,4.1,3.1,0,0,0,0,133021,Camrin Braun
2016-09-16,4,2,20.2,42.4,13.1,15.2,3,0,133021,Camrin Braun
2016-09-17,4,2,21.2,44.4,27.3,1,0,0,133021,Camrin Braun
2016-09-19,8.2,57.1,19.4,9.2,6.1,0,0,0,133021,Camrin Braun
2016-09-20,10.3,35,25.8,21.6,6.2,1,0,0,133021,Camrin Braun
2016-09-21,14.4,18.6,20.6,21.6,18.6,6.2,0,0,133021,Camrin Braun
2016-09-23,31.9,13.4,15.5,14.4,22.7,2.1,0,0,133021,Camrin Braun
2016-09-24,87.60000000000001,3.1,3.1,3.1,3.1,0,0,0,133021,Camrin Braun
2016-09-25,93,3,1,1,2,0,0,0,133021,Camrin Braun
2016-09-26,76.3,2,3.1,9.3,8.2,1,0,0,133021,Camrin Braun
2016-09-27,49,8.4,13.5,13.5,14.6,1,0,0,133021,Camrin Braun
2016-09-29,33,8.3,13.4,21.6,22.7,1,0,0,133021,Camrin Braun
2016-10-01,76.1,3.1,5.2,8.3,7.3,0,0,0,133021,Camrin Braun
2016-10-02,67,4.1,3.1,16.5,9.3,0,0,0,133021,Camrin Braun
2016-10-04,53.6,7.1,11.1,14.1,13.1,1,0,0,133021,Camrin Braun
2016-10-05,87.8,2,2,7.1,1,0,0,0,133021,Camrin Braun
2016-10-08,35.4,20.9,7.3,13.5,21.9,1,0,0,133021,Camrin Braun
2016-10-09,31.3,10.4,13.5,19.8,19.8,5.2,0,0,133021,Camrin Braun
2016-10-10,18.6,8.3,12.4,27.8,22.7,10.3,0,0,133021,Camrin Braun
2016-10-11,42.300000000000004,15.5,13.4,14.4,14.4,0,0,0,133021,Camrin Braun
2016-10-12,39.800000000000004,18.4,11.2,13.3,16.3,1,0,0,133021,Camrin Braun
2016-10-13,28.799999999999997,15.5,8.2,22.7,19.6,5.2,0,0,133021,Camrin Braun
2016-10-14,36.1,3.1,5.2,13.4,29.9,10.3,2.1,0,133021,Camrin Braun
2016-10-16,54.1,5.1,5.1,15.3,19.4,1,0,0,133021,Camrin Braun
2016-10-17,80.39999999999999,4.1,3.1,7.2,5.2,0,0,0,133021,Camrin Braun
2016-10-18,40.300000000000004,8.2,10.3,32,8.2,1,0,0,133021,Camrin Braun
2016-10-19,33.4,41.7,9.4,12.5,3.1,0,0,0,133021,Camrin Braun
2016-10-22,67,6.199999999999999,5.2,9.3,11.3,1,0,0,133021,Camrin Braun
2016-10-23,84.4,2,2.1,6.3,5.2,0,0,0,133021,Camrin Braun
2016-10-24,79.4,7.199999999999999,1,8.2,4.1,0,0,0,133021,Camrin Braun
2016-10-25,77.5,8.2,4.1,5.1,5.1,0,0,0,133021,Camrin Braun
2016-10-28,51.6,34,4.1,7.2,3.1,0,0,0,133021,Camrin Braun
2016-10-29,67.7,11.5,2.1,6.3,6.3,1,2.1,3,133021,Camrin Braun
2016-10-31,57.699999999999996,16.5,9.3,8.2,8.2,0,0,0,133021,Camrin Braun
2016-11-02,50,18.7,12.5,12.5,6.3,0,0,0,133021,Camrin Braun
2016-11-03,19.6,11.4,22.7,23.7,21.6,1,0,0,133021,Camrin Braun
2016-11-04,40.599999999999994,6.300000000000001,10.4,21.9,14.6,5.2,1,0,133021,Camrin Braun
2016-11-05,79.2,6.2,2.1,4.2,8.3,0,0,0,133021,Camrin Braun
2016-11-06,53.2,4.1,8.3,10.4,18.8,5.2,0,0,133021,Camrin Braun
2016-11-08,59.8,14.399999999999999,3.1,7.2,10.3,5.2,0,0,133021,Camrin Braun
2016-11-10,67.3,5.300000000000001,9.5,4.2,11.6,2.1,0,0,133021,Camrin Braun
2016-11-11,53.1,10.4,16.7,7.3,11.5,1,0,0,133021,Camrin Braun
2016-11-12,81.4,3.1,6.2,7.2,2.1,0,0,0,133021,Camrin Braun
2016-11-14,69.1,3.2,6.4,8.5,6.4,1.1,1.1,4.300000000000001,133021,Camrin Braun
2016-11-15,49.5,5.1,11.3,16.5,14.4,1,1,1,133021,Camrin Braun
2016-11-16,81.3,4.2,6.3,6.3,2.1,0,0,0,133021,Camrin Braun
2016-11-17,36.9,11.6,13.7,20,9.5,8.4,0,0,133021,Camrin Braun
2016-11-19,32.6,9.5,18.9,17.9,21.1,0,0,0,133021,Camrin Braun
2016-11-20,49,17.299999999999997,7.1,15.3,11.2,0,0,0,133021,Camrin Braun
2016-11-21,50,13.299999999999999,15.3,15.3,4.1,1,1,0,133021,Camrin Braun
2016-11-22,58.3,5.2,15.6,15.6,5.2,0,0,0,133021,Camrin Braun
2016-11-23,58.800000000000004,19.6,15.5,5.2,1,0,0,0,133021,Camrin Braun
2016-11-24,64.3,12.299999999999999,13.3,9.2,1,0,0,0,133021,Camrin Braun
2016-11-25,34,16.5,27.8,17.5,3.1,1,0,0,133021,Camrin Braun
2016-11-26,9.3,27.8,39.2,19.6,3.1,1,0,0,133021,Camrin Braun
2016-11-27,53.5,5,20.2,20.2,1,0,0,0,133021,Camrin Braun
2016-11-28,46.400000000000006,11.3,18.6,21.6,2.1,0,0,0,133021,Camrin Braun
2016-11-29,55.599999999999994,8.3,12.4,18.6,4.1,1,0,0,133021,Camrin Braun
2016-12-01,52.5,13.2,8.1,23.2,1,1,1,0,133021,Camrin Braun
2016-12-02,39.099999999999994,12.4,9.3,36.1,3.1,0,0,0,133021,Camrin Braun
2016-12-03,41.699999999999996,6.2,5.2,40.6,6.3,0,0,0,133021,Camrin Braun
2016-12-04,41.8,10.2,16.3,30.6,1,0,0,0,133021,Camrin Braun
2016-12-06,47.900000000000006,9.4,9.4,33.3,0,0,0,0,133021,Camrin Braun
2016-12-07,66,4.1,13.4,15.5,1,0,0,0,133021,Camrin Braun
2016-12-08,14.2,13.2,35.7,35.7,1,0,0,0,133021,Camrin Braun
2016-12-11,41.3,9.3,12.4,36.1,1,0,0,0,133021,Camrin Braun
2016-12-12,34.1,16.5,10.3,38.1,1,0,0,0,133021,Camrin Braun
2016-12-13,50.5,9.3,13.4,26.8,0,0,0,0,133021,Camrin Braun
2016-12-15,51.5,8.2,1,28.9,10.3,0,0,0,133021,Camrin Braun
2016-12-16,74,9.4,6.3,10.4,0,0,0,0,133021,Camrin Braun
2016-12-18,28.099999999999998,5.2,11.5,51,3.1,1,0,0,133021,Camrin Braun
2016-12-19,28.8,14.5,11.3,41.2,1,1,1,1,133021,Camrin Braun
2016-12-21,36.7,21.4,10.2,31.6,0,0,0,0,133021,Camrin Braun
2016-12-22,9.4,12.5,28.1,43.8,6.3,0,0,0,133021,Camrin Braun
2016-12-24,67,7.199999999999999,3.1,21.6,1,0,0,0,133021,Camrin Braun
2016-12-25,88.8,8.1,1,1,1,0,0,0,133021,Camrin Braun
2016-12-26,57.300000000000004,4.2,2.1,18.8,10.4,6.3,1,0,133021,Camrin Braun
2016-12-27,42.8,23.9,20.8,7.3,3.1,2.1,0,0,133021,Camrin Braun
2016-08-25,69.3,30.6,0,0,0,0,0,0,141247,Camrin Braun
2016-08-26,75.5,23.4,1,0,0,0,0,0,141247,Camrin Braun
2016-08-27,75.5,22.4,2,0,0,0,0,0,141247,Camrin Braun
2016-08-28,78.6,11.2,9.2,1,0,0,0,0,141247,Camrin Braun
2016-08-29,90.8,6.1,2,1,0,0,0,0,141247,Camrin Braun
2016-08-30,96,4.1,0,0,0,0,0,0,141247,Camrin Braun
2016-08-31,83.8,10.1,5.1,1,0,0,0,0,141247,Camrin Braun
2016-09-01,81.9,14.2,3,1,0,0,0,0,141247,Camrin Braun
2016-09-02,82.8,15.1,2,0,0,0,0,0,141247,Camrin Braun
2016-09-03,67.4,24.5,4.1,3.1,1,0,0,0,141247,Camrin Braun
2016-09-04,89.7,7.2,1,1,1,0,0,0,141247,Camrin Braun
2016-09-05,85.7,10.2,3.1,1,0,0,0,0,141247,Camrin Braun
2016-09-06,96,3,1,0,0,0,0,0,141247,Camrin Braun
2016-09-07,98,2,0,0,0,0,0,0,141247,Camrin Braun
2016-09-08,91.89999999999999,8.1,0,0,0,0,0,0,141247,Camrin Braun
2016-09-09,39.1,49.5,9.3,2.1,0,0,0,0,141247,Camrin Braun
2016-09-10,31.6,12.299999999999999,20.4,11.2,19.4,4.1,1,0,141247,Camrin Braun
2016-09-11,12.2,10.2,27.6,27.6,12.2,8.2,1,1,141247,Camrin Braun
2016-09-12,15.6,6.2,24,36.5,16.7,1,0,0,141247,Camrin Braun
2016-09-13,12.5,15.6,29.2,34.4,8.3,0,0,0,141247,Camrin Braun
2016-09-14,53.1,15.6,8.3,12.5,10.4,0,0,0,141247,Camrin Braun
2016-09-15,49.5,20,7.4,12.6,9.5,1.1,0,0,141247,Camrin Braun
2016-09-16,16.6,14.5,10.4,17.7,24,16.7,0,0,141247,Camrin Braun
2016-09-17,25.7,19.6,11.3,14.4,24.7,4.1,0,0,141247,Camrin Braun
2016-09-18,28.900000000000002,16.5,19.6,21.6,12.4,1,0,0,141247,Camrin Braun
2016-09-19,20.8,11.4,16.7,24,24,3.1,0,0,141247,Camrin Braun
2016-09-20,28.1,14.5,14.6,17.7,16.7,8.3,0,0,141247,Camrin Braun
2016-09-21,17.5,33,15.5,18.6,15.5,0,0,0,141247,Camrin Braun
2016-09-22,31,26.799999999999997,13.4,12.4,12.4,3.1,1,0,141247,Camrin Braun
2016-09-23,24.8,40.300000000000004,7.2,13.4,11.3,1,1,1,141247,Camrin Braun
2016-09-24,43.3,20.6,9.3,8.2,12.4,4.1,1,1,141247,Camrin Braun
2016-09-25,33,13.4,15.5,8.2,14.4,13.4,1,1,141247,Camrin Braun
2016-09-26,39.2,17.5,17.5,7.2,18.6,0,0,0,141247,Camrin Braun
2016-09-27,66,13.4,6.2,9.3,5.2,0,0,0,141247,Camrin Braun
2016-09-28,49.5,9.3,7.2,10.3,20.6,1,1,1,141247,Camrin Braun
2016-09-29,38.2,34,8.2,6.2,9.3,2.1,1,1,141247,Camrin Braun
2016-09-30,73.5,14.299999999999999,1,1,5.1,3.1,1,1,141247,Camrin Braun
2016-10-01,100,0,0,0,0,0,0,0,141247,Camrin Braun
2016-08-27,97,3,0,0,0,0,0,0,141255,Camrin Braun
2016-08-28,94.1,4,1,1,0,0,0,0,141255,Camrin Braun
2016-08-29,86.6,6.199999999999999,3.1,4.1,0,0,0,0,141255,Camrin Braun
2016-08-30,84.5,11.3,3.1,1,0,0,0,0,141255,Camrin Braun
2016-09-02,87.9,10.1,1,1,0,0,0,0,141255,Camrin Braun
2016-09-06,97.9,2,0,0,0,0,0,0,141255,Camrin Braun
2016-09-08,71.7,17.2,10.1,1,0,0,0,0,141255,Camrin Braun
2016-09-12,51.099999999999994,31.3,11.5,6.3,0,0,0,0,141255,Camrin Braun
2016-09-13,49,15.299999999999999,35.7,0,0,0,0,0,141255,Camrin Braun
2016-09-16,94.8,4.1,1,0,0,0,0,0,141255,Camrin Braun
2016-09-17,15.5,24.8,37.1,22.7,0,0,0,0,141255,Camrin Braun
2016-09-18,12.5,31.200000000000003,30.2,25,1,0,0,0,141255,Camrin Braun
2016-09-19,5.1,31.6,43.9,16.3,3.1,0,0,0,141255,Camrin Braun
2016-09-21,14.5,27.8,42.3,14.4,1,0,0,0,141255,Camrin Braun
2016-09-22,13.4,18.6,25.8,17.5,17.5,7.2,0,0,141255,Camrin Braun
2016-09-23,29.5,22.1,24.2,10.5,9.5,4.2,0,0,141255,Camrin Braun
2016-09-24,50.5,22.2,26.3,1,0,0,0,0,141255,Camrin Braun
2016-09-25,54.599999999999994,9.3,36.1,0,0,0,0,0,141255,Camrin Braun
2016-09-26,89.8,8.2,2,0,0,0,0,0,141255,Camrin Braun
2016-09-27,83.5,13.4,3.1,0,0,0,0,0,141255,Camrin Braun
2016-09-29,33.7,31.6,28.6,5.1,1,0,0,0,141255,Camrin Braun
2016-10-01,36.4,23.2,39.4,1,0,0,0,0,141255,Camrin Braun
2016-10-02,50,17.4,31.6,1,0,0,0,0,141255,Camrin Braun
2016-10-04,37.8,43.800000000000004,13.3,4.1,1,0,0,0,141255,Camrin Braun
2016-10-06,35.5,11.4,25,9.4,15.6,3.1,0,0,141255,Camrin Braun
2016-10-07,52.099999999999994,9.4,22.9,13.5,2.1,0,0,0,141255,Camrin Braun
2016-10-11,49.5,9.5,22.1,7.4,4.2,5.3,1.1,1.1,141255,Camrin Braun
2016-10-16,28.5,12.299999999999999,15.3,19.4,19.4,4.1,1,0,141255,Camrin Braun
2016-10-23,83.5,12.299999999999999,1,2.1,1,0,0,0,141255,Camrin Braun
2016-10-24,37.5,10.5,10.4,15.6,14.6,11.5,0,0,141255,Camrin Braun
2016-10-25,6.2,4.1,9.4,25,12.5,9.4,10.4,22.9,141255,Camrin Braun
2016-10-26,21.8,7.3,11.5,28.1,4.2,1,1,25,141255,Camrin Braun
2016-10-28,9.5,19,20,14.7,2.1,2.1,1.1,31.6,141255,Camrin Braun
2016-10-30,17.900000000000002,17.900000000000002,17.9,12.6,1.1,1.1,2.1,29.5,141255,Camrin Braun
2016-10-31,16.900000000000002,16.8,8.4,20,1.1,1.1,2.1,33.7,141255,Camrin Braun
2016-11-01,32.3,6.2,11.5,25,2.1,1,1,20.8,141255,Camrin Braun
2016-11-02,89.8,5.1,3.1,1,1,0,0,0,141255,Camrin Braun
2016-11-04,29.9,3.1,11.3,37.1,4.1,1,1,12.4,141255,Camrin Braun
2016-11-05,25.6,5.4,9.6,38.3,3.2,1.1,1.1,16,141255,Camrin Braun
2016-11-06,34,9.2,6.2,35.1,6.2,1,1,7.2,141255,Camrin Braun
2016-11-07,34.800000000000004,8.5,11.6,14.7,4.2,1.1,3.2,22.1,141255,Camrin Braun
2016-11-10,33,5.1,12.4,33,4.1,1,1,10.3,141255,Camrin Braun
2016-11-11,42.4,6.1,12.1,34.3,1,1,1,2,141255,Camrin Braun
2016-11-12,17.5,6.2,14.4,35.1,1,1,1,23.7,141255,Camrin Braun
2016-11-17,24.7,7.2,21.6,23.7,5.2,2.1,3.1,12.4,141255,Camrin Braun
2016-11-18,13.7,8.5,29.5,11.6,9.5,3.2,3.2,21.1,141255,Camrin Braun
2016-11-19,20.200000000000003,9.6,23.4,19.1,3.2,2.1,4.3,18.1,141255,Camrin Braun
2016-11-25,35,31,16.5,3.1,1,1,1,11.3,141255,Camrin Braun
2016-11-27,45.800000000000004,26.6,13.8,5.3,1.1,1.1,1.1,5.3,141255,Camrin Braun
2016-11-28,27.400000000000002,18.900000000000002,28.4,11.6,4.2,2.1,2.1,5.3,141255,Camrin Braun
2016-11-29,48.4,34,13.4,4.1,0,0,0,0,141255,Camrin Braun
2016-11-30,31.900000000000002,31.9,14.9,5.3,2.1,2.1,2.1,9.6,141255,Camrin Braun
2016-12-02,37.5,35.4,12.5,7.3,1,1,1,4.2,141255,Camrin Braun
2016-12-03,32.300000000000004,30.3,14.6,12.5,1,1,1,7.3,141255,Camrin Braun
2016-12-05,43.7,26,15.6,8.3,1,1,1,3.1,141255,Camrin Braun
2016-12-08,47.900000000000006,14.6,25,12.5,0,0,0,0,141255,Camrin Braun
2016-12-09,35.4,10.4,19.8,27.1,3.1,1,1,2.1,141255,Camrin Braun
2016-12-10,24,11.5,27.1,28.1,3.1,1,1,4.2,141255,Camrin Braun
2016-12-11,40.8,7.1,25.5,23.5,3.1,0,0,0,141255,Camrin Braun
2016-12-12,25.2,20.299999999999997,29.3,19.2,2,1,1,2,141255,Camrin Braun
2016-12-14,9.2,40.8,22.4,26.5,1,0,0,0,141255,Camrin Braun
2016-12-15,0,1,15.6,37.5,14.6,3.1,5.2,22.9,141255,Camrin Braun
2016-12-16,18.7,10.4,11.5,20.8,25,8.3,3.1,2.1,141255,Camrin Braun
2016-12-19,18.8,29.2,22.9,20.8,1,1,1,5.2,141255,Camrin Braun
2016-12-20,43.9,29.6,16.3,10.2,0,0,0,0,141255,Camrin Braun
2016-12-22,40.2,29.9,8.2,16.5,1,1,1,2.1,141255,Camrin Braun
2016-12-24,4.1,33.6,49,12.2,1,0,0,0,141255,Camrin Braun
2016-12-31,39,31.6,16.8,5.3,1.1,1.1,1.1,4.2,141255,Camrin Braun
2017-01-01,28.5,28.599999999999998,34.7,3.1,1,1,1,2,141255,Camrin Braun
2017-01-03,17.3,29.6,41.8,11.2,0,0,0,0,141255,Camrin Braun
2017-01-04,46.9,22.9,12.5,10.4,2.1,1,1,3.1,141255,Camrin Braun
2017-01-05,51,25,3.1,14.6,3.1,1,1,1,141255,Camrin Braun
2017-01-06,40.2,9.2,14.4,26.8,3.1,1,1,4.1,141255,Camrin Braun
2017-01-08,39.1,21.700000000000003,15.5,17.5,1,1,1,3.1,141255,Camrin Braun
2017-01-09,46.9,14.5,22.9,10.4,1,1,1,2.1,141255,Camrin Braun
2017-01-10,18.2,4,43.4,33.3,1,0,0,0,141255,Camrin Braun
2017-01-11,36.7,4.1,10.2,46.9,1,1,0,0,141255,Camrin Braun
2017-01-13,23.7,6.2,30.9,29.9,4.1,1,1,3,141255,Camrin Braun
2017-01-14,31.2,10.4,19.8,29.2,6.3,1,1,1,141255,Camrin Braun
2017-01-16,7.199999999999999,25.5,43.9,17.3,1,1,1,3.1,141255,Camrin Braun
2017-01-19,45.4,18.2,18.2,18.2,0,0,0,0,141255,Camrin Braun
2017-01-21,47.9,27.1,17.7,3.1,3.1,1,0,0,141255,Camrin Braun
2017-01-22,66.6,17.700000000000003,2.1,2.1,2.1,1,1,7.300000000000001,141255,Camrin Braun
2017-01-23,35.7,34.7,29.6,0,0,0,0,0,141255,Camrin Braun
2017-01-25,41.300000000000004,38.2,11.3,4.1,1,1,1,2.1,141255,Camrin Braun
2017-01-28,34.3,19.8,26,11.5,3.1,1,1,3.1,141255,Camrin Braun
2017-01-30,46.9,23.4,26.5,3.1,0,0,0,0,141255,Camrin Braun
2017-02-01,37.1,7.2,39.2,14.4,1,1,0,0,141255,Camrin Braun
2017-02-03,51.6,12.4,13.4,22.7,0,0,0,0,141255,Camrin Braun
2017-02-10,44.4,6.2,6.2,36.1,6.2,1,0,0,141255,Camrin Braun
2017-02-12,43.3,23.700000000000003,24.7,8.2,0,0,0,0,141255,Camrin Braun
2017-02-14,32.6,24.5,36.7,6.1,0,0,0,0,141255,Camrin Braun
2017-02-16,27.099999999999998,22.900000000000002,35.4,14.6,0,0,0,0,141255,Camrin Braun
2017-02-17,11.2,14.299999999999999,73.5,1,0,0,0,0,141255,Camrin Braun
2017-02-19,18.3,67.30000000000001,14.3,0,0,0,0,0,141255,Camrin Braun
2017-02-20,29.599999999999998,53,16.3,1,0,0,0,0,141255,Camrin Braun
2017-02-22,36.7,48.900000000000006,14.3,0,0,0,0,0,141255,Camrin Braun
2017-02-23,27.1,71.9,1,0,0,0,0,0,141255,Camrin Braun
2016-08-30,83.69999999999999,3,11.2,2,0,0,0,0,141258,Camrin Braun
2016-08-31,90.9,8,1,0,0,0,0,0,141258,Camrin Braun
2016-09-03,84.7,13.2,2,0,0,0,0,0,141258,Camrin Braun
2016-09-04,69.4,30.6,0,0,0,0,0,0,141258,Camrin Braun
2016-09-05,94.9,5.1,0,0,0,0,0,0,141258,Camrin Braun
2016-09-08,66.7,33.3,0,0,0,0,0,0,141258,Camrin Braun
2016-09-09,85.8,13.2,1,0,0,0,0,0,141258,Camrin Braun
2016-09-11,88.89999999999999,10.1,1,0,0,0,0,0,141258,Camrin Braun
2016-09-12,75.5,24.5,0,0,0,0,0,0,141258,Camrin Braun
2016-09-13,66.3,32.6,1,0,0,0,0,0,141258,Camrin Braun
2016-09-14,88.8,11.1,0,0,0,0,0,0,141258,Camrin Braun
2016-09-16,74.8,24.2,1,0,0,0,0,0,141258,Camrin Braun
2016-09-17,57.6,42.5,0,0,0,0,0,0,141258,Camrin Braun
2016-09-18,47.4,50.5,2.1,0,0,0,0,0,141258,Camrin Braun
2016-09-21,69.3,29.6,1,0,0,0,0,0,141258,Camrin Braun
2016-09-22,45.9,51,3.1,0,0,0,0,0,141258,Camrin Braun
2016-09-26,69.4,22.4,8.2,0,0,0,0,0,141258,Camrin Braun
2016-09-27,75.3,16.5,8.2,0,0,0,0,0,141258,Camrin Braun
2016-10-16,84,15,1,0,0,0,0,0,141258,Camrin Braun
2016-10-20,20.4,75.5,4.1,0,0,0,0,0,141258,Camrin Braun
2016-10-21,17.2,80.8,1,1,0,0,0,0,141258,Camrin Braun
2016-10-22,16.4,82.4,1,0,0,0,0,0,141258,Camrin Braun
2016-10-25,76.8,22.2,1,0,0,0,0,0,141258,Camrin Braun
2016-10-26,58.2,40.8,1,0,0,0,0,0,141258,Camrin Braun
2016-10-29,72.39999999999999,26.5,1,0,0,0,0,0,141258,Camrin Braun
2016-10-31,29.6,55.1,15.3,0,0,0,0,0,141258,Camrin Braun
2016-11-01,47.400000000000006,45.4,7.2,0,0,0,0,0,141258,Camrin Braun
2016-11-05,30.9,68.1,1,0,0,0,0,0,141258,Camrin Braun
2016-11-17,88,11,1,0,0,0,0,0,141258,Camrin Braun
2016-11-18,37.7,55.099999999999994,7.1,0,0,0,0,0,141258,Camrin Braun
2016-11-22,15.3,61.2,23.5,0,0,0,0,0,141258,Camrin Braun
2016-11-23,49,50,1,0,0,0,0,0,141258,Camrin Braun
2016-11-24,44.4,54.599999999999994,1,0,0,0,0,0,141258,Camrin Braun
2016-11-28,17.5,77.3,5.2,0,0,0,0,0,141258,Camrin Braun
2016-11-29,43.8,54.1,2,0,0,0,0,0,141258,Camrin Braun
2016-12-03,48.5,43.4,8.1,0,0,0,0,0,141258,Camrin Braun
2016-12-04,24.7,27.799999999999997,47.4,0,0,0,0,0,141258,Camrin Braun
2016-12-08,26.5,69.4,4.1,0,0,0,0,0,141258,Camrin Braun
2016-12-09,80.6,7.199999999999999,11.2,1,0,0,0,0,141258,Camrin Braun
2016-12-11,28.5,2,20.4,42.9,3.1,2,1,0,141258,Camrin Braun
2016-12-13,35,8.3,27.8,19.6,9.3,0,0,0,141258,Camrin Braun
2016-12-24,47.900000000000006,22.4,20.4,9.2,0,0,0,0,141258,Camrin Braun
2016-12-30,31,24.700000000000003,8.2,9.3,25.8,1,0,0,141258,Camrin Braun
2016-12-31,32.7,28.6,10.2,10.2,17.3,1,0,0,141258,Camrin Braun
2017-01-01,26.3,31.6,14.7,10.5,14.7,2.1,0,0,141258,Camrin Braun
2017-01-03,11.7,20.2,5.3,18.1,2.1,2.1,2.1,38.3,141258,Camrin Braun
2017-01-05,3,19.3,15.3,14.3,2,1,2,42.8,141258,Camrin Braun
2017-01-06,3.1,11.3,18.6,23.7,7.2,7.2,2.1,26.8,141258,Camrin Braun
2017-01-12,3,5,7.1,63.6,17.2,1,1,2,141258,Camrin Braun
2017-01-13,2,5.1,6.2,53.6,6.2,15.5,4.1,7.2,141258,Camrin Braun
2017-01-14,2,3,10.9,65.3,5.9,11.9,1,0,141258,Camrin Braun
2017-01-17,2,15.1,24.2,41.4,2,2,3,10.1,141258,Camrin Braun
2017-01-26,9.5,37.9,22.1,5.3,1.1,1.1,1.1,22.1,141258,Camrin Braun
2017-01-27,4.300000000000001,17,20.2,9.6,5.3,5.3,1.1,37.2,141258,Camrin Braun
2017-01-31,37.900000000000006,30.5,7.4,9.5,1.1,1.1,1.1,11.600000000000001,141258,Camrin Braun
2017-02-01,38.6,37.5,18.8,3.1,1,1,0,0,141258,Camrin Braun
2017-02-02,10.600000000000001,25.6,24.5,9.6,11.7,5.3,4.3,8.5,141258,Camrin Braun
2017-02-06,22.3,23.4,27.7,10.6,7.4,2.1,2.1,4.3,141258,Camrin Braun
2017-02-07,13.8,24.4,5.3,19.1,10.6,2.1,1.1,23.400000000000002,141258,Camrin Braun
2017-02-09,20.8,11.4,21.9,18.8,18.8,2.1,1,5.2,141258,Camrin Braun
2017-02-11,8.3,28.1,47.9,5.2,8.3,2.1,0,0,141258,Camrin Braun
2017-02-12,5.2,19.8,34.4,12.5,15.6,8.3,4.2,0,141258,Camrin Braun
2017-02-14,5.1,16.3,31.6,24.5,6.1,1,2,13.2,141258,Camrin Braun
2017-02-16,15.9,20.2,25.5,19.1,2.1,7.4,1.1,8.5,141258,Camrin Braun
2017-02-17,11.4,22.9,24,14.6,3.1,4.2,1,18.7,141258,Camrin Braun
2017-02-18,12.7,22.3,16,21.3,3.2,1.1,3.2,20.200000000000003,141258,Camrin Braun
2017-02-19,35.5,33.4,7.3,2.1,2.1,7.3,2.1,10.4,141258,Camrin Braun
2017-02-21,16,27.700000000000003,8.5,12.8,3.2,3.2,3.2,25.5,141258,Camrin Braun
2016-08-27,79.8,19.2,1,0,0,0,0,0,154096,Camrin Braun
2016-08-28,89.9,8.1,1,1,0,0,0,0,154096,Camrin Braun
2016-08-29,86.7,11.2,1,1,0,0,0,0,154096,Camrin Braun
2016-08-30,57.800000000000004,25.8,10.3,6.2,0,0,0,0,154096,Camrin Braun
2016-08-31,88.7,4.1,5.2,2.1,0,0,0,0,154096,Camrin Braun
2016-09-01,95,3,1,1,0,0,0,0,154096,Camrin Braun
2016-09-02,79.2,12.5,8.3,0,0,0,0,0,154096,Camrin Braun
2016-09-03,75.2,19.6,5.2,0,0,0,0,0,154096,Camrin Braun
2016-09-04,60.599999999999994,20.2,14.1,4,1,0,0,0,154096,Camrin Braun
2016-09-05,63.9,18.5,16.5,1,0,0,0,0,154096,Camrin Braun
2016-09-06,86.7,12.2,1,0,0,0,0,0,154096,Camrin Braun
2016-09-07,71.2,27.900000000000002,1,0,0,0,0,0,154096,Camrin Braun
2016-09-08,29.2,19.8,30.2,18.8,1,1,0,0,154096,Camrin Braun
2016-09-09,16.5,16.5,17.5,22.7,17.5,8.2,1,0,154096,Camrin Braun
2016-09-10,14.6,10.4,34.4,17.7,11.5,9.4,1,1,154096,Camrin Braun
2016-09-11,15.4,16.5,24.7,14.4,10.3,16.5,1,1,154096,Camrin Braun
2016-09-12,87.4,2,1,1,1,1,1,5.9,154096,Camrin Braun
2016-10-18,81.60000000000001,18.3,0,0,0,0,0,0,163097,Camrin Braun
2016-10-19,78.6,21.4,0,0,0,0,0,0,163097,Camrin Braun
2016-10-20,51,47.900000000000006,1,0,0,0,0,0,163097,Camrin Braun
2016-10-22,70.7,27.299999999999997,1,1,0,0,0,0,163097,Camrin Braun
2016-10-25,70.69999999999999,28.299999999999997,1,0,0,0,0,0,163097,Camrin Braun
2016-10-27,58.599999999999994,40.4,1,0,0,0,0,0,163097,Camrin Braun
2016-10-29,77.5,22.5,0,0,0,0,0,0,163097,Camrin Braun
2016-10-30,87.8,11.2,1,0,0,0,0,0,163097,Camrin Braun
2016-10-31,42.4,37.4,17.2,1,1,1,0,0,163097,Camrin Braun
2016-11-01,30.200000000000003,20.8,26,13.5,9.4,0,0,0,163097,Camrin Braun
2016-11-06,55.1,44.9,0,0,0,0,0,0,163097,Camrin Braun
2016-11-07,80.8,12.2,6.1,1,0,0,0,0,163097,Camrin Braun
2016-11-09,23,45.8,15.6,7.3,8.3,0,0,0,163097,Camrin Braun
2016-11-10,34,38.1,6.2,5.2,16.5,0,0,0,163097,Camrin Braun
2016-11-11,28.1,36.5,11.5,9.4,14.6,0,0,0,163097,Camrin Braun
2016-11-12,39.800000000000004,27.599999999999998,7.1,6.1,18.4,1,0,0,163097,Camrin Braun
2016-11-13,6.2,49.5,11.3,3.1,28.9,1,0,0,163097,Camrin Braun
2016-11-15,20.4,29.6,17.3,23.5,6.1,1,1,1,163097,Camrin Braun
2016-11-17,46.4,17.5,17.5,15.5,3.1,0,0,0,163097,Camrin Braun
2016-11-18,43.3,22.6,9.3,21.6,3.1,0,0,0,163097,Camrin Braun
2016-11-20,67.4,12.600000000000001,4.2,10.5,5.3,0,0,0,163097,Camrin Braun
2016-11-21,49.5,14.399999999999999,8.2,24.7,3.1,0,0,0,163097,Camrin Braun
2016-11-22,42.7,16.7,10.4,19.8,10.4,0,0,0,163097,Camrin Braun
2016-11-23,36.7,25.5,14.3,22.4,1,0,0,0,163097,Camrin Braun
2016-11-26,23.700000000000003,29.9,16.5,17.5,12.4,0,0,0,163097,Camrin Braun
2016-11-27,43.4,25.2,10.1,15.2,3,1,1,1,163097,Camrin Braun
2016-11-28,38.1,24.7,11.3,13.4,9.3,1,1,1,163097,Camrin Braun
2016-12-01,54.6,11.4,10.3,21.6,1,1,0,0,163097,Camrin Braun
2016-12-02,26.8,13.4,7.2,22.7,28.9,1,0,0,163097,Camrin Braun
2016-12-03,57.300000000000004,4.1,4.2,14.6,17.7,1,1,0,163097,Camrin Braun
2016-12-04,10.4,13.6,10.4,14.6,6.3,1,2.1,41.599999999999994,163097,Camrin Braun
2016-12-06,12.4,22.7,17.5,5.2,11.3,2.1,1,27.8,163097,Camrin Braun
2016-12-07,12.600000000000001,17.9,16.8,13.7,8.4,2.1,1.1,27.400000000000002,163097,Camrin Braun
2016-12-08,7.5,25.5,11.7,11.7,7.4,13.8,2.1,20.2,163097,Camrin Braun
2016-12-09,29.8,28.8,13.8,9.6,1.1,3.2,1.1,12.8,163097,Camrin Braun
2016-12-10,7.4,10.5,14.7,15.8,6.3,1.1,1.1,43.2,163097,Camrin Braun
2016-12-11,15.6,12.5,11.5,32.3,12.5,1,1,13.5,163097,Camrin Braun
2016-12-12,6.4,19,11.6,11.6,12.6,2.1,2.1,34.7,163097,Camrin Braun
2016-12-15,2,13,15,15,21,9,2,23,163097,Camrin Braun
2016-12-16,2.2,9.5,11.6,13.7,17.9,18.9,2.1,24.200000000000003,163097,Camrin Braun
2016-12-17,4.300000000000001,7.4,15.8,28.4,11.6,15.8,3.2,13.7,163097,Camrin Braun
2016-12-18,7.300000000000001,22.9,21.9,16.7,10.4,1,1,18.7,163097,Camrin Braun
2016-12-20,6.2,11.5,13.5,29.2,5.2,21.9,2.1,10.4,163097,Camrin Braun
2016-12-21,20.4,16.1,7.5,7.5,10.8,14,3.2,20.4,163097,Camrin Braun
2016-12-24,36.900000000000006,27.400000000000002,9.5,8.4,4.2,1.1,1.1,11.6,163097,Camrin Braun
2016-12-25,23.7,34.5,5.4,3.2,3.2,1.1,2.2,26.9,163097,Camrin Braun
2016-12-26,36.4,31.3,6.3,7.3,2.1,1,1,14.600000000000001,163097,Camrin Braun
2016-12-27,18.3,20.4,5.4,10.8,2.2,3.2,2.2,37.7,163097,Camrin Braun
2016-12-28,5.300000000000001,30.9,9.6,9.6,2.1,2.1,3.2,37.2,163097,Camrin Braun
2016-12-30,20.200000000000003,28.700000000000003,7.4,3.2,1.1,1.1,1.1,37.3,163097,Camrin Braun
2017-01-01,21.1,39,5.3,6.3,2.1,2.1,2.1,22.099999999999998,163097,Camrin Braun
2017-01-04,24.3,20,14.7,7.4,8.4,2.1,1.1,22.200000000000003,163097,Camrin Braun
2017-01-06,10.5,20,7.4,8.4,22.1,7.4,7.4,16.8,163097,Camrin Braun
2017-01-07,43.2,9.5,7.4,11.6,16.8,9.5,2.1,0,163097,Camrin Braun
2017-01-08,40.2,25.700000000000003,13.4,15.5,4.1,1,0,0,163097,Camrin Braun
2017-01-09,44.300000000000004,20,8.4,11.6,15.8,0,0,0,163097,Camrin Braun
2017-01-10,35,34.1,7.2,11.3,12.4,0,0,0,163097,Camrin Braun
2017-01-11,33,22.3,11.7,14.9,14.9,1.1,2.1,0,163097,Camrin Braun
2017-01-12,41.1,20,10.5,13.7,8.4,1.1,1.1,4.300000000000001,163097,Camrin Braun
2017-01-13,35.8,37.9,12.6,11.6,2.1,0,0,0,163097,Camrin Braun
2017-01-15,11.2,4.1,9.2,10.2,28.6,6.1,3.1,27.6,163097,Camrin Braun
2017-01-16,32.6,16.8,6.3,11.6,8.4,1.1,1.1,22.1,163097,Camrin Braun
2017-01-18,40.6,18.700000000000003,6.3,9.4,6.3,2.1,1,15.6,163097,Camrin Braun
2017-01-20,40,36.9,5.3,4.2,1.1,1.1,2.1,9.5,163097,Camrin Braun
2017-01-21,32.300000000000004,25,3.1,5.2,5.2,1,1,27.1,163097,Camrin Braun
2017-01-23,38.3,12.7,4.3,4.3,2.1,3.2,2.1,33,163097,Camrin Braun
2017-01-25,34.1,18.1,5.3,9.6,4.3,2.1,1.1,25.5,163097,Camrin Braun
2017-01-26,75,17.7,2.1,3.1,2.1,0,0,0,163097,Camrin Braun
2017-01-27,34.800000000000004,11.600000000000001,4.2,10.5,10.5,3.2,3.2,22.200000000000003,163097,Camrin Braun
2017-01-29,55.1,23.5,7.1,5.1,1,1,1,6.1,163097,Camrin Braun
2017-01-30,29.5,12.600000000000001,10.5,11.6,4.2,2.1,4.2,25.3,163097,Camrin Braun
2017-01-31,17.5,12.3,15.5,26.8,3.1,2.1,2.1,20.6,163097,Camrin Braun
2017-02-02,34.7,26.3,7.4,6.3,17.9,1.1,1.1,5.3,163097,Camrin Braun
2017-02-03,18.1,10.6,13.8,9.6,17,1.1,3.2,26.6,163097,Camrin Braun
2017-02-05,22.400000000000002,21.200000000000003,8.5,10.6,8.5,3.2,3.2,22.3,163097,Camrin Braun
2017-02-06,23.099999999999998,19,13.7,8.4,7.4,3.2,3.2,22.200000000000003,163097,Camrin Braun
2017-02-07,44.2,21,8.4,9.5,7.4,1.1,2.1,6.3,163097,Camrin Braun
2017-02-08,26,21.900000000000002,13.5,7.3,8.3,1,3.1,18.7,163097,Camrin Braun
2017-02-10,16.5,12.3,34,30.9,3.1,1,1,1,163097,Camrin Braun
2017-02-12,45.3,31,4.1,4.1,3.1,2.1,2.1,8.2,163097,Camrin Braun
2017-02-14,43.300000000000004,19.6,27.8,9.3,0,0,0,0,163097,Camrin Braun
2017-02-15,35.4,19.8,22.9,15.6,1,1,1,3.1,163097,Camrin Braun
2017-02-16,44.9,21.4,23.5,6.1,1,1,1,1,163097,Camrin Braun
2017-02-17,61.2,14.2,5.1,9.2,2,1,1,6.1,163097,Camrin Braun
2017-02-19,50.5,25.8,6.9,11.9,1,1,1,2,163097,Camrin Braun
2017-02-22,100,0,0,0,0,0,0,0,163097,Camrin Braun
